,antecedents,consequents,antecedent support,consequent support,support,confidence,lift,leverage,conviction
0,"frozenset({'FENG SHUI PILLAR CANDLE', 'TRAVEL CARD WALLET PANTRY'})","frozenset({'GROW A FLYTRAP OR SUNFLOWER IN TIN', 'CHOCOLATE HOT WATER BOTTLE'})",0.12903225806451613,0.12903225806451613,0.12903225806451613,1.0,7.75,0.11238293444328824,inf
1,"frozenset({'GROW A FLYTRAP OR SUNFLOWER IN TIN', 'SMALL FOLDING SCISSOR(POINTED EDGE)', 'FENG SHUI PILLAR CANDLE'})",frozenset({'CHOCOLATE HOT WATER BOTTLE'}),0.12903225806451613,0.12903225806451613,0.12903225806451613,1.0,7.75,0.11238293444328824,inf
2,"frozenset({'GROW A FLYTRAP OR SUNFLOWER IN TIN', 'FENG SHUI PILLAR CANDLE', 'TRAVEL CARD WALLET PANTRY'})",frozenset({'CHOCOLATE HOT WATER BOTTLE'}),0.12903225806451613,0.12903225806451613,0.12903225806451613,1.0,7.75,0.11238293444328824,inf
3,"frozenset({'CHOCOLATE HOT WATER BOTTLE', 'FENG SHUI PILLAR CANDLE', 'TRAVEL CARD WALLET PANTRY'})",frozenset({'GROW A FLYTRAP OR SUNFLOWER IN TIN'}),0.12903225806451613,0.12903225806451613,0.12903225806451613,1.0,7.75,0.11238293444328824,inf
4,"frozenset({'GROW A FLYTRAP OR SUNFLOWER IN TIN', 'CHOCOLATE HOT WATER BOTTLE'})","frozenset({'FENG SHUI PILLAR CANDLE', 'TRAVEL CARD WALLET PANTRY'})",0.12903225806451613,0.12903225806451613,0.12903225806451613,1.0,7.75,0.11238293444328824,inf
5,"frozenset({'GROW A FLYTRAP OR SUNFLOWER IN TIN', 'FENG SHUI PILLAR CANDLE'})","frozenset({'CHOCOLATE HOT WATER BOTTLE', 'TRAVEL CARD WALLET PANTRY'})",0.12903225806451613,0.12903225806451613,0.12903225806451613,1.0,7.75,0.11238293444328824,inf
6,"frozenset({'GROW A FLYTRAP OR SUNFLOWER IN TIN', 'TRAVEL CARD WALLET PANTRY'})","frozenset({'CHOCOLATE HOT WATER BOTTLE', 'FENG SHUI PILLAR CANDLE'})",0.12903225806451613,0.12903225806451613,0.12903225806451613,1.0,7.75,0.11238293444328824,inf
7,"frozenset({'CHOCOLATE HOT WATER BOTTLE', 'FENG SHUI PILLAR CANDLE'})","frozenset({'GROW A FLYTRAP OR SUNFLOWER IN TIN', 'TRAVEL CARD WALLET PANTRY'})",0.12903225806451613,0.12903225806451613,0.12903225806451613,1.0,7.75,0.11238293444328824,inf
8,"frozenset({'CHOCOLATE HOT WATER BOTTLE', 'TRAVEL CARD WALLET PANTRY'})","frozenset({'GROW A FLYTRAP OR SUNFLOWER IN TIN', 'FENG SHUI PILLAR CANDLE'})",0.12903225806451613,0.12903225806451613,0.12903225806451613,1.0,7.75,0.11238293444328824,inf
9,frozenset({'GROW A FLYTRAP OR SUNFLOWER IN TIN'}),"frozenset({'CHOCOLATE HOT WATER BOTTLE', 'FENG SHUI PILLAR CANDLE', 'TRAVEL CARD WALLET PANTRY'})",0.12903225806451613,0.12903225806451613,0.12903225806451613,1.0,7.75,0.11238293444328824,inf
10,frozenset({'CHOCOLATE HOT WATER BOTTLE'}),"frozenset({'GROW A FLYTRAP OR SUNFLOWER IN TIN', 'FENG SHUI PILLAR CANDLE', 'TRAVEL CARD WALLET PANTRY'})",0.12903225806451613,0.12903225806451613,0.12903225806451613,1.0,7.75,0.11238293444328824,inf
11,frozenset({'FENG SHUI PILLAR CANDLE'}),"frozenset({'GROW A FLYTRAP OR SUNFLOWER IN TIN', 'CHOCOLATE HOT WATER BOTTLE', 'TRAVEL CARD WALLET PANTRY'})",0.12903225806451613,0.12903225806451613,0.12903225806451613,1.0,7.75,0.11238293444328824,inf
12,frozenset({'TRAVEL CARD WALLET PANTRY'}),"frozenset({'GROW A FLYTRAP OR SUNFLOWER IN TIN', 'CHOCOLATE HOT WATER BOTTLE', 'FENG SHUI PILLAR CANDLE'})",0.12903225806451613,0.12903225806451613,0.12903225806451613,1.0,7.75,0.11238293444328824,inf
13,"frozenset({'GROW A FLYTRAP OR SUNFLOWER IN TIN', 'CHOCOLATE HOT WATER BOTTLE', 'FENG SHUI PILLAR CANDLE'})",frozenset({'SMALL FOLDING SCISSOR(POINTED EDGE)'}),0.12903225806451613,0.12903225806451613,0.12903225806451613,1.0,7.75,0.11238293444328824,inf
14,"frozenset({'GROW A FLYTRAP OR SUNFLOWER IN TIN', 'CHOCOLATE HOT WATER BOTTLE', 'SMALL FOLDING SCISSOR(POINTED EDGE)'})",frozenset({'FENG SHUI PILLAR CANDLE'}),0.12903225806451613,0.12903225806451613,0.12903225806451613,1.0,7.75,0.11238293444328824,inf
15,"frozenset({'SMALL FOLDING SCISSOR(POINTED EDGE)', 'CHOCOLATE HOT WATER BOTTLE', 'FENG SHUI PILLAR CANDLE'})",frozenset({'GROW A FLYTRAP OR SUNFLOWER IN TIN'}),0.12903225806451613,0.12903225806451613,0.12903225806451613,1.0,7.75,0.11238293444328824,inf
16,"frozenset({'GROW A FLYTRAP OR SUNFLOWER IN TIN', 'CHOCOLATE HOT WATER BOTTLE', 'FENG SHUI PILLAR CANDLE'})",frozenset({'TRAVEL CARD WALLET PANTRY'}),0.12903225806451613,0.12903225806451613,0.12903225806451613,1.0,7.75,0.11238293444328824,inf
17,"frozenset({'GROW A FLYTRAP OR SUNFLOWER IN TIN', 'CHOCOLATE HOT WATER BOTTLE'})","frozenset({'SMALL FOLDING SCISSOR(POINTED EDGE)', 'FENG SHUI PILLAR CANDLE'})",0.12903225806451613,0.12903225806451613,0.12903225806451613,1.0,7.75,0.11238293444328824,inf
18,"frozenset({'GROW A FLYTRAP OR SUNFLOWER IN TIN', 'FENG SHUI PILLAR CANDLE'})","frozenset({'SMALL FOLDING SCISSOR(POINTED EDGE)', 'CHOCOLATE HOT WATER BOTTLE'})",0.12903225806451613,0.12903225806451613,0.12903225806451613,1.0,7.75,0.11238293444328824,inf
19,"frozenset({'GROW A FLYTRAP OR SUNFLOWER IN TIN', 'SMALL FOLDING SCISSOR(POINTED EDGE)'})","frozenset({'CHOCOLATE HOT WATER BOTTLE', 'FENG SHUI PILLAR CANDLE'})",0.12903225806451613,0.12903225806451613,0.12903225806451613,1.0,7.75,0.11238293444328824,inf
20,"frozenset({'CHOCOLATE HOT WATER BOTTLE', 'FENG SHUI PILLAR CANDLE'})","frozenset({'GROW A FLYTRAP OR SUNFLOWER IN TIN', 'SMALL FOLDING SCISSOR(POINTED EDGE)'})",0.12903225806451613,0.12903225806451613,0.12903225806451613,1.0,7.75,0.11238293444328824,inf
21,"frozenset({'SMALL FOLDING SCISSOR(POINTED EDGE)', 'CHOCOLATE HOT WATER BOTTLE'})","frozenset({'GROW A FLYTRAP OR SUNFLOWER IN TIN', 'FENG SHUI PILLAR CANDLE'})",0.12903225806451613,0.12903225806451613,0.12903225806451613,1.0,7.75,0.11238293444328824,inf
22,"frozenset({'SMALL FOLDING SCISSOR(POINTED EDGE)', 'FENG SHUI PILLAR CANDLE'})","frozenset({'GROW A FLYTRAP OR SUNFLOWER IN TIN', 'CHOCOLATE HOT WATER BOTTLE'})",0.12903225806451613,0.12903225806451613,0.12903225806451613,1.0,7.75,0.11238293444328824,inf
23,frozenset({'GROW A FLYTRAP OR SUNFLOWER IN TIN'}),"frozenset({'SMALL FOLDING SCISSOR(POINTED EDGE)', 'CHOCOLATE HOT WATER BOTTLE', 'FENG SHUI PILLAR CANDLE'})",0.12903225806451613,0.12903225806451613,0.12903225806451613,1.0,7.75,0.11238293444328824,inf
24,frozenset({'CHOCOLATE HOT WATER BOTTLE'}),"frozenset({'GROW A FLYTRAP OR SUNFLOWER IN TIN', 'SMALL FOLDING SCISSOR(POINTED EDGE)', 'FENG SHUI PILLAR CANDLE'})",0.12903225806451613,0.12903225806451613,0.12903225806451613,1.0,7.75,0.11238293444328824,inf
25,frozenset({'FENG SHUI PILLAR CANDLE'}),"frozenset({'GROW A FLYTRAP OR SUNFLOWER IN TIN', 'CHOCOLATE HOT WATER BOTTLE', 'SMALL FOLDING SCISSOR(POINTED EDGE)'})",0.12903225806451613,0.12903225806451613,0.12903225806451613,1.0,7.75,0.11238293444328824,inf
26,frozenset({'SMALL FOLDING SCISSOR(POINTED EDGE)'}),"frozenset({'GROW A FLYTRAP OR SUNFLOWER IN TIN', 'CHOCOLATE HOT WATER BOTTLE', 'FENG SHUI PILLAR CANDLE'})",0.12903225806451613,0.12903225806451613,0.12903225806451613,1.0,7.75,0.11238293444328824,inf
27,"frozenset({'PLASTERS IN TIN WOODLAND ANIMALS', 'PLASTERS IN TIN SPACEBOY'})",frozenset({'PLASTERS IN TIN CIRCUS PARADE'}),0.12903225806451613,0.12903225806451613,0.12903225806451613,1.0,7.75,0.11238293444328824,inf
28,frozenset({'PLASTERS IN TIN CIRCUS PARADE'}),"frozenset({'PLASTERS IN TIN WOODLAND ANIMALS', 'PLASTERS IN TIN SPACEBOY'})",0.12903225806451613,0.12903225806451613,0.12903225806451613,1.0,7.75,0.11238293444328824,inf
29,"frozenset({'GROW A FLYTRAP OR SUNFLOWER IN TIN', 'SMALL FOLDING SCISSOR(POINTED EDGE)'})",frozenset({'TRAVEL CARD WALLET PANTRY'}),0.12903225806451613,0.12903225806451613,0.12903225806451613,1.0,7.75,0.11238293444328824,inf
30,"frozenset({'GROW A FLYTRAP OR SUNFLOWER IN TIN', 'CHOCOLATE HOT WATER BOTTLE', 'TRAVEL CARD WALLET PANTRY'})",frozenset({'FENG SHUI PILLAR CANDLE'}),0.12903225806451613,0.12903225806451613,0.12903225806451613,1.0,7.75,0.11238293444328824,inf
31,frozenset({'TRAVEL CARD WALLET PANTRY'}),"frozenset({'SMALL FOLDING SCISSOR(POINTED EDGE)', 'CHOCOLATE HOT WATER BOTTLE', 'FENG SHUI PILLAR CANDLE'})",0.12903225806451613,0.12903225806451613,0.12903225806451613,1.0,7.75,0.11238293444328824,inf
32,"frozenset({'SMALL FOLDING SCISSOR(POINTED EDGE)', 'TRAVEL CARD WALLET PANTRY'})",frozenset({'GROW A FLYTRAP OR SUNFLOWER IN TIN'}),0.12903225806451613,0.12903225806451613,0.12903225806451613,1.0,7.75,0.11238293444328824,inf
33,frozenset({'CHOCOLATE HOT WATER BOTTLE'}),"frozenset({'GROW A FLYTRAP OR SUNFLOWER IN TIN', 'SMALL FOLDING SCISSOR(POINTED EDGE)', 'TRAVEL CARD WALLET PANTRY'})",0.12903225806451613,0.12903225806451613,0.12903225806451613,1.0,7.75,0.11238293444328824,inf
34,"frozenset({'SET OF 3 CAKE TINS PANTRY DESIGN', 'RECIPE BOX PANTRY YELLOW DESIGN'})","frozenset({'FAWN BLUE HOT WATER BOTTLE', 'SET OF TEA COFFEE SUGAR TINS PANTRY'})",0.12903225806451613,0.12903225806451613,0.12903225806451613,1.0,7.75,0.11238293444328824,inf
35,"frozenset({'FAWN BLUE HOT WATER BOTTLE', 'SET OF TEA COFFEE SUGAR TINS PANTRY'})","frozenset({'SET OF 3 CAKE TINS PANTRY DESIGN', 'RECIPE BOX PANTRY YELLOW DESIGN'})",0.12903225806451613,0.12903225806451613,0.12903225806451613,1.0,7.75,0.11238293444328824,inf
36,"frozenset({'GROW A FLYTRAP OR SUNFLOWER IN TIN', 'CHOCOLATE HOT WATER BOTTLE', 'SMALL FOLDING SCISSOR(POINTED EDGE)'})",frozenset({'TRAVEL CARD WALLET PANTRY'}),0.12903225806451613,0.12903225806451613,0.12903225806451613,1.0,7.75,0.11238293444328824,inf
37,"frozenset({'GROW A FLYTRAP OR SUNFLOWER IN TIN', 'CHOCOLATE HOT WATER BOTTLE', 'TRAVEL CARD WALLET PANTRY'})",frozenset({'SMALL FOLDING SCISSOR(POINTED EDGE)'}),0.12903225806451613,0.12903225806451613,0.12903225806451613,1.0,7.75,0.11238293444328824,inf
38,"frozenset({'GROW A FLYTRAP OR SUNFLOWER IN TIN', 'SMALL FOLDING SCISSOR(POINTED EDGE)', 'TRAVEL CARD WALLET PANTRY'})",frozenset({'CHOCOLATE HOT WATER BOTTLE'}),0.12903225806451613,0.12903225806451613,0.12903225806451613,1.0,7.75,0.11238293444328824,inf
39,"frozenset({'SMALL FOLDING SCISSOR(POINTED EDGE)', 'CHOCOLATE HOT WATER BOTTLE', 'TRAVEL CARD WALLET PANTRY'})",frozenset({'GROW A FLYTRAP OR SUNFLOWER IN TIN'}),0.12903225806451613,0.12903225806451613,0.12903225806451613,1.0,7.75,0.11238293444328824,inf
40,"frozenset({'GROW A FLYTRAP OR SUNFLOWER IN TIN', 'CHOCOLATE HOT WATER BOTTLE'})","frozenset({'SMALL FOLDING SCISSOR(POINTED EDGE)', 'TRAVEL CARD WALLET PANTRY'})",0.12903225806451613,0.12903225806451613,0.12903225806451613,1.0,7.75,0.11238293444328824,inf
41,"frozenset({'GROW A FLYTRAP OR SUNFLOWER IN TIN', 'SMALL FOLDING SCISSOR(POINTED EDGE)'})","frozenset({'CHOCOLATE HOT WATER BOTTLE', 'TRAVEL CARD WALLET PANTRY'})",0.12903225806451613,0.12903225806451613,0.12903225806451613,1.0,7.75,0.11238293444328824,inf
42,"frozenset({'GROW A FLYTRAP OR SUNFLOWER IN TIN', 'TRAVEL CARD WALLET PANTRY'})","frozenset({'SMALL FOLDING SCISSOR(POINTED EDGE)', 'CHOCOLATE HOT WATER BOTTLE'})",0.12903225806451613,0.12903225806451613,0.12903225806451613,1.0,7.75,0.11238293444328824,inf
43,"frozenset({'SMALL FOLDING SCISSOR(POINTED EDGE)', 'CHOCOLATE HOT WATER BOTTLE'})","frozenset({'GROW A FLYTRAP OR SUNFLOWER IN TIN', 'TRAVEL CARD WALLET PANTRY'})",0.12903225806451613,0.12903225806451613,0.12903225806451613,1.0,7.75,0.11238293444328824,inf
44,"frozenset({'CHOCOLATE HOT WATER BOTTLE', 'TRAVEL CARD WALLET PANTRY'})","frozenset({'GROW A FLYTRAP OR SUNFLOWER IN TIN', 'SMALL FOLDING SCISSOR(POINTED EDGE)'})",0.12903225806451613,0.12903225806451613,0.12903225806451613,1.0,7.75,0.11238293444328824,inf
45,"frozenset({'SMALL FOLDING SCISSOR(POINTED EDGE)', 'TRAVEL CARD WALLET PANTRY'})","frozenset({'GROW A FLYTRAP OR SUNFLOWER IN TIN', 'CHOCOLATE HOT WATER BOTTLE'})",0.12903225806451613,0.12903225806451613,0.12903225806451613,1.0,7.75,0.11238293444328824,inf
46,frozenset({'GROW A FLYTRAP OR SUNFLOWER IN TIN'}),"frozenset({'SMALL FOLDING SCISSOR(POINTED EDGE)', 'CHOCOLATE HOT WATER BOTTLE', 'TRAVEL CARD WALLET PANTRY'})",0.12903225806451613,0.12903225806451613,0.12903225806451613,1.0,7.75,0.11238293444328824,inf
47,frozenset({'SMALL FOLDING SCISSOR(POINTED EDGE)'}),"frozenset({'GROW A FLYTRAP OR SUNFLOWER IN TIN', 'CHOCOLATE HOT WATER BOTTLE', 'TRAVEL CARD WALLET PANTRY'})",0.12903225806451613,0.12903225806451613,0.12903225806451613,1.0,7.75,0.11238293444328824,inf
48,frozenset({'FENG SHUI PILLAR CANDLE'}),"frozenset({'SMALL FOLDING SCISSOR(POINTED EDGE)', 'CHOCOLATE HOT WATER BOTTLE', 'TRAVEL CARD WALLET PANTRY'})",0.12903225806451613,0.12903225806451613,0.12903225806451613,1.0,7.75,0.11238293444328824,inf
49,frozenset({'TRAVEL CARD WALLET PANTRY'}),"frozenset({'GROW A FLYTRAP OR SUNFLOWER IN TIN', 'CHOCOLATE HOT WATER BOTTLE', 'SMALL FOLDING SCISSOR(POINTED EDGE)'})",0.12903225806451613,0.12903225806451613,0.12903225806451613,1.0,7.75,0.11238293444328824,inf
50,"frozenset({'SMALL FOLDING SCISSOR(POINTED EDGE)', 'CHOCOLATE HOT WATER BOTTLE', 'FENG SHUI PILLAR CANDLE'})",frozenset({'TRAVEL CARD WALLET PANTRY'}),0.12903225806451613,0.12903225806451613,0.12903225806451613,1.0,7.75,0.11238293444328824,inf
51,"frozenset({'SMALL FOLDING SCISSOR(POINTED EDGE)', 'CHOCOLATE HOT WATER BOTTLE', 'TRAVEL CARD WALLET PANTRY'})",frozenset({'FENG SHUI PILLAR CANDLE'}),0.12903225806451613,0.12903225806451613,0.12903225806451613,1.0,7.75,0.11238293444328824,inf
52,"frozenset({'SMALL FOLDING SCISSOR(POINTED EDGE)', 'FENG SHUI PILLAR CANDLE', 'TRAVEL CARD WALLET PANTRY'})",frozenset({'CHOCOLATE HOT WATER BOTTLE'}),0.12903225806451613,0.12903225806451613,0.12903225806451613,1.0,7.75,0.11238293444328824,inf
53,"frozenset({'CHOCOLATE HOT WATER BOTTLE', 'FENG SHUI PILLAR CANDLE', 'TRAVEL CARD WALLET PANTRY'})",frozenset({'SMALL FOLDING SCISSOR(POINTED EDGE)'}),0.12903225806451613,0.12903225806451613,0.12903225806451613,1.0,7.75,0.11238293444328824,inf
54,"frozenset({'SMALL FOLDING SCISSOR(POINTED EDGE)', 'CHOCOLATE HOT WATER BOTTLE'})","frozenset({'FENG SHUI PILLAR CANDLE', 'TRAVEL CARD WALLET PANTRY'})",0.12903225806451613,0.12903225806451613,0.12903225806451613,1.0,7.75,0.11238293444328824,inf
55,"frozenset({'SMALL FOLDING SCISSOR(POINTED EDGE)', 'FENG SHUI PILLAR CANDLE'})","frozenset({'CHOCOLATE HOT WATER BOTTLE', 'TRAVEL CARD WALLET PANTRY'})",0.12903225806451613,0.12903225806451613,0.12903225806451613,1.0,7.75,0.11238293444328824,inf
56,"frozenset({'SMALL FOLDING SCISSOR(POINTED EDGE)', 'TRAVEL CARD WALLET PANTRY'})","frozenset({'CHOCOLATE HOT WATER BOTTLE', 'FENG SHUI PILLAR CANDLE'})",0.12903225806451613,0.12903225806451613,0.12903225806451613,1.0,7.75,0.11238293444328824,inf
57,"frozenset({'CHOCOLATE HOT WATER BOTTLE', 'FENG SHUI PILLAR CANDLE'})","frozenset({'SMALL FOLDING SCISSOR(POINTED EDGE)', 'TRAVEL CARD WALLET PANTRY'})",0.12903225806451613,0.12903225806451613,0.12903225806451613,1.0,7.75,0.11238293444328824,inf
58,"frozenset({'CHOCOLATE HOT WATER BOTTLE', 'TRAVEL CARD WALLET PANTRY'})","frozenset({'SMALL FOLDING SCISSOR(POINTED EDGE)', 'FENG SHUI PILLAR CANDLE'})",0.12903225806451613,0.12903225806451613,0.12903225806451613,1.0,7.75,0.11238293444328824,inf
59,"frozenset({'FENG SHUI PILLAR CANDLE', 'TRAVEL CARD WALLET PANTRY'})","frozenset({'SMALL FOLDING SCISSOR(POINTED EDGE)', 'CHOCOLATE HOT WATER BOTTLE'})",0.12903225806451613,0.12903225806451613,0.12903225806451613,1.0,7.75,0.11238293444328824,inf
60,frozenset({'SMALL FOLDING SCISSOR(POINTED EDGE)'}),"frozenset({'CHOCOLATE HOT WATER BOTTLE', 'FENG SHUI PILLAR CANDLE', 'TRAVEL CARD WALLET PANTRY'})",0.12903225806451613,0.12903225806451613,0.12903225806451613,1.0,7.75,0.11238293444328824,inf
61,frozenset({'CHOCOLATE HOT WATER BOTTLE'}),"frozenset({'SMALL FOLDING SCISSOR(POINTED EDGE)', 'FENG SHUI PILLAR CANDLE', 'TRAVEL CARD WALLET PANTRY'})",0.12903225806451613,0.12903225806451613,0.12903225806451613,1.0,7.75,0.11238293444328824,inf
62,"frozenset({'GROW A FLYTRAP OR SUNFLOWER IN TIN', 'TRAVEL CARD WALLET PANTRY'})",frozenset({'SMALL FOLDING SCISSOR(POINTED EDGE)'}),0.12903225806451613,0.12903225806451613,0.12903225806451613,1.0,7.75,0.11238293444328824,inf
63,frozenset({'GROW A FLYTRAP OR SUNFLOWER IN TIN'}),"frozenset({'SMALL FOLDING SCISSOR(POINTED EDGE)', 'TRAVEL CARD WALLET PANTRY'})",0.12903225806451613,0.12903225806451613,0.12903225806451613,1.0,7.75,0.11238293444328824,inf
64,frozenset({'FENG SHUI PILLAR CANDLE'}),"frozenset({'GROW A FLYTRAP OR SUNFLOWER IN TIN', 'SMALL FOLDING SCISSOR(POINTED EDGE)', 'TRAVEL CARD WALLET PANTRY'})",0.12903225806451613,0.12903225806451613,0.12903225806451613,1.0,7.75,0.11238293444328824,inf
65,"frozenset({'GROW A FLYTRAP OR SUNFLOWER IN TIN', 'CHOCOLATE HOT WATER BOTTLE', 'TRAVEL CARD WALLET PANTRY'})","frozenset({'SMALL FOLDING SCISSOR(POINTED EDGE)', 'FENG SHUI PILLAR CANDLE'})",0.12903225806451613,0.12903225806451613,0.12903225806451613,1.0,7.75,0.11238293444328824,inf
66,"frozenset({'GROW A FLYTRAP OR SUNFLOWER IN TIN', 'SMALL FOLDING SCISSOR(POINTED EDGE)', 'FENG SHUI PILLAR CANDLE', 'TRAVEL CARD WALLET PANTRY'})",frozenset({'CHOCOLATE HOT WATER BOTTLE'}),0.12903225806451613,0.12903225806451613,0.12903225806451613,1.0,7.75,0.11238293444328824,inf
67,"frozenset({'SMALL FOLDING SCISSOR(POINTED EDGE)', 'FENG SHUI PILLAR CANDLE', 'CHOCOLATE HOT WATER BOTTLE', 'TRAVEL CARD WALLET PANTRY'})",frozenset({'GROW A FLYTRAP OR SUNFLOWER IN TIN'}),0.12903225806451613,0.12903225806451613,0.12903225806451613,1.0,7.75,0.11238293444328824,inf
68,"frozenset({'GROW A FLYTRAP OR SUNFLOWER IN TIN', 'SMALL FOLDING SCISSOR(POINTED EDGE)', 'CHOCOLATE HOT WATER BOTTLE', 'TRAVEL CARD WALLET PANTRY'})",frozenset({'FENG SHUI PILLAR CANDLE'}),0.12903225806451613,0.12903225806451613,0.12903225806451613,1.0,7.75,0.11238293444328824,inf
69,"frozenset({'GROW A FLYTRAP OR SUNFLOWER IN TIN', 'CHOCOLATE HOT WATER BOTTLE', 'FENG SHUI PILLAR CANDLE', 'TRAVEL CARD WALLET PANTRY'})",frozenset({'SMALL FOLDING SCISSOR(POINTED EDGE)'}),0.12903225806451613,0.12903225806451613,0.12903225806451613,1.0,7.75,0.11238293444328824,inf
70,"frozenset({'GROW A FLYTRAP OR SUNFLOWER IN TIN', 'SMALL FOLDING SCISSOR(POINTED EDGE)', 'FENG SHUI PILLAR CANDLE'})","frozenset({'CHOCOLATE HOT WATER BOTTLE', 'TRAVEL CARD WALLET PANTRY'})",0.12903225806451613,0.12903225806451613,0.12903225806451613,1.0,7.75,0.11238293444328824,inf
71,"frozenset({'SMALL FOLDING SCISSOR(POINTED EDGE)', 'FENG SHUI PILLAR CANDLE', 'CHOCOLATE HOT WATER BOTTLE'})","frozenset({'GROW A FLYTRAP OR SUNFLOWER IN TIN', 'TRAVEL CARD WALLET PANTRY'})",0.12903225806451613,0.12903225806451613,0.12903225806451613,1.0,7.75,0.11238293444328824,inf
72,"frozenset({'SMALL FOLDING SCISSOR(POINTED EDGE)', 'FENG SHUI PILLAR CANDLE', 'TRAVEL CARD WALLET PANTRY'})","frozenset({'GROW A FLYTRAP OR SUNFLOWER IN TIN', 'CHOCOLATE HOT WATER BOTTLE'})",0.12903225806451613,0.12903225806451613,0.12903225806451613,1.0,7.75,0.11238293444328824,inf
73,"frozenset({'GROW A FLYTRAP OR SUNFLOWER IN TIN', 'SMALL FOLDING SCISSOR(POINTED EDGE)', 'CHOCOLATE HOT WATER BOTTLE'})","frozenset({'FENG SHUI PILLAR CANDLE', 'TRAVEL CARD WALLET PANTRY'})",0.12903225806451613,0.12903225806451613,0.12903225806451613,1.0,7.75,0.11238293444328824,inf
74,"frozenset({'GROW A FLYTRAP OR SUNFLOWER IN TIN', 'SMALL FOLDING SCISSOR(POINTED EDGE)', 'TRAVEL CARD WALLET PANTRY'})","frozenset({'CHOCOLATE HOT WATER BOTTLE', 'FENG SHUI PILLAR CANDLE'})",0.12903225806451613,0.12903225806451613,0.12903225806451613,1.0,7.75,0.11238293444328824,inf
75,"frozenset({'SMALL FOLDING SCISSOR(POINTED EDGE)', 'CHOCOLATE HOT WATER BOTTLE', 'TRAVEL CARD WALLET PANTRY'})","frozenset({'GROW A FLYTRAP OR SUNFLOWER IN TIN', 'FENG SHUI PILLAR CANDLE'})",0.12903225806451613,0.12903225806451613,0.12903225806451613,1.0,7.75,0.11238293444328824,inf
76,"frozenset({'GROW A FLYTRAP OR SUNFLOWER IN TIN', 'CHOCOLATE HOT WATER BOTTLE', 'FENG SHUI PILLAR CANDLE'})","frozenset({'SMALL FOLDING SCISSOR(POINTED EDGE)', 'TRAVEL CARD WALLET PANTRY'})",0.12903225806451613,0.12903225806451613,0.12903225806451613,1.0,7.75,0.11238293444328824,inf
77,"frozenset({'GROW A FLYTRAP OR SUNFLOWER IN TIN', 'FENG SHUI PILLAR CANDLE', 'TRAVEL CARD WALLET PANTRY'})","frozenset({'SMALL FOLDING SCISSOR(POINTED EDGE)', 'CHOCOLATE HOT WATER BOTTLE'})",0.12903225806451613,0.12903225806451613,0.12903225806451613,1.0,7.75,0.11238293444328824,inf
78,"frozenset({'CHOCOLATE HOT WATER BOTTLE', 'FENG SHUI PILLAR CANDLE', 'TRAVEL CARD WALLET PANTRY'})","frozenset({'GROW A FLYTRAP OR SUNFLOWER IN TIN', 'SMALL FOLDING SCISSOR(POINTED EDGE)'})",0.12903225806451613,0.12903225806451613,0.12903225806451613,1.0,7.75,0.11238293444328824,inf
79,"frozenset({'SMALL FOLDING SCISSOR(POINTED EDGE)', 'FENG SHUI PILLAR CANDLE'})","frozenset({'GROW A FLYTRAP OR SUNFLOWER IN TIN', 'CHOCOLATE HOT WATER BOTTLE', 'TRAVEL CARD WALLET PANTRY'})",0.12903225806451613,0.12903225806451613,0.12903225806451613,1.0,7.75,0.11238293444328824,inf
80,frozenset({'FENG SHUI PILLAR CANDLE'}),frozenset({'CHOCOLATE HOT WATER BOTTLE'}),0.12903225806451613,0.12903225806451613,0.12903225806451613,1.0,7.75,0.11238293444328824,inf
81,"frozenset({'GROW A FLYTRAP OR SUNFLOWER IN TIN', 'SMALL FOLDING SCISSOR(POINTED EDGE)'})","frozenset({'CHOCOLATE HOT WATER BOTTLE', 'FENG SHUI PILLAR CANDLE', 'TRAVEL CARD WALLET PANTRY'})",0.12903225806451613,0.12903225806451613,0.12903225806451613,1.0,7.75,0.11238293444328824,inf
82,"frozenset({'SMALL FOLDING SCISSOR(POINTED EDGE)', 'CHOCOLATE HOT WATER BOTTLE'})","frozenset({'GROW A FLYTRAP OR SUNFLOWER IN TIN', 'FENG SHUI PILLAR CANDLE', 'TRAVEL CARD WALLET PANTRY'})",0.12903225806451613,0.12903225806451613,0.12903225806451613,1.0,7.75,0.11238293444328824,inf
83,"frozenset({'SMALL FOLDING SCISSOR(POINTED EDGE)', 'TRAVEL CARD WALLET PANTRY'})","frozenset({'GROW A FLYTRAP OR SUNFLOWER IN TIN', 'CHOCOLATE HOT WATER BOTTLE', 'FENG SHUI PILLAR CANDLE'})",0.12903225806451613,0.12903225806451613,0.12903225806451613,1.0,7.75,0.11238293444328824,inf
84,"frozenset({'GROW A FLYTRAP OR SUNFLOWER IN TIN', 'FENG SHUI PILLAR CANDLE'})","frozenset({'SMALL FOLDING SCISSOR(POINTED EDGE)', 'CHOCOLATE HOT WATER BOTTLE', 'TRAVEL CARD WALLET PANTRY'})",0.12903225806451613,0.12903225806451613,0.12903225806451613,1.0,7.75,0.11238293444328824,inf
85,"frozenset({'CHOCOLATE HOT WATER BOTTLE', 'FENG SHUI PILLAR CANDLE'})","frozenset({'GROW A FLYTRAP OR SUNFLOWER IN TIN', 'SMALL FOLDING SCISSOR(POINTED EDGE)', 'TRAVEL CARD WALLET PANTRY'})",0.12903225806451613,0.12903225806451613,0.12903225806451613,1.0,7.75,0.11238293444328824,inf
86,"frozenset({'FENG SHUI PILLAR CANDLE', 'TRAVEL CARD WALLET PANTRY'})","frozenset({'GROW A FLYTRAP OR SUNFLOWER IN TIN', 'SMALL FOLDING SCISSOR(POINTED EDGE)', 'CHOCOLATE HOT WATER BOTTLE'})",0.12903225806451613,0.12903225806451613,0.12903225806451613,1.0,7.75,0.11238293444328824,inf
87,"frozenset({'GROW A FLYTRAP OR SUNFLOWER IN TIN', 'CHOCOLATE HOT WATER BOTTLE'})","frozenset({'SMALL FOLDING SCISSOR(POINTED EDGE)', 'FENG SHUI PILLAR CANDLE', 'TRAVEL CARD WALLET PANTRY'})",0.12903225806451613,0.12903225806451613,0.12903225806451613,1.0,7.75,0.11238293444328824,inf
88,"frozenset({'GROW A FLYTRAP OR SUNFLOWER IN TIN', 'TRAVEL CARD WALLET PANTRY'})","frozenset({'SMALL FOLDING SCISSOR(POINTED EDGE)', 'FENG SHUI PILLAR CANDLE', 'CHOCOLATE HOT WATER BOTTLE'})",0.12903225806451613,0.12903225806451613,0.12903225806451613,1.0,7.75,0.11238293444328824,inf
89,"frozenset({'CHOCOLATE HOT WATER BOTTLE', 'TRAVEL CARD WALLET PANTRY'})","frozenset({'GROW A FLYTRAP OR SUNFLOWER IN TIN', 'SMALL FOLDING SCISSOR(POINTED EDGE)', 'FENG SHUI PILLAR CANDLE'})",0.12903225806451613,0.12903225806451613,0.12903225806451613,1.0,7.75,0.11238293444328824,inf
90,frozenset({'SMALL FOLDING SCISSOR(POINTED EDGE)'}),"frozenset({'GROW A FLYTRAP OR SUNFLOWER IN TIN', 'CHOCOLATE HOT WATER BOTTLE', 'FENG SHUI PILLAR CANDLE', 'TRAVEL CARD WALLET PANTRY'})",0.12903225806451613,0.12903225806451613,0.12903225806451613,1.0,7.75,0.11238293444328824,inf
91,frozenset({'FENG SHUI PILLAR CANDLE'}),"frozenset({'GROW A FLYTRAP OR SUNFLOWER IN TIN', 'SMALL FOLDING SCISSOR(POINTED EDGE)', 'CHOCOLATE HOT WATER BOTTLE', 'TRAVEL CARD WALLET PANTRY'})",0.12903225806451613,0.12903225806451613,0.12903225806451613,1.0,7.75,0.11238293444328824,inf
92,frozenset({'GROW A FLYTRAP OR SUNFLOWER IN TIN'}),"frozenset({'SMALL FOLDING SCISSOR(POINTED EDGE)', 'FENG SHUI PILLAR CANDLE', 'CHOCOLATE HOT WATER BOTTLE', 'TRAVEL CARD WALLET PANTRY'})",0.12903225806451613,0.12903225806451613,0.12903225806451613,1.0,7.75,0.11238293444328824,inf
93,frozenset({'CHOCOLATE HOT WATER BOTTLE'}),"frozenset({'GROW A FLYTRAP OR SUNFLOWER IN TIN', 'SMALL FOLDING SCISSOR(POINTED EDGE)', 'FENG SHUI PILLAR CANDLE', 'TRAVEL CARD WALLET PANTRY'})",0.12903225806451613,0.12903225806451613,0.12903225806451613,1.0,7.75,0.11238293444328824,inf
94,"frozenset({'GROW A FLYTRAP OR SUNFLOWER IN TIN', 'SMALL FOLDING SCISSOR(POINTED EDGE)', 'FENG SHUI PILLAR CANDLE', 'CHOCOLATE HOT WATER BOTTLE'})",frozenset({'TRAVEL CARD WALLET PANTRY'}),0.12903225806451613,0.12903225806451613,0.12903225806451613,1.0,7.75,0.11238293444328824,inf
95,frozenset({'CHOCOLATE HOT WATER BOTTLE'}),frozenset({'FENG SHUI PILLAR CANDLE'}),0.12903225806451613,0.12903225806451613,0.12903225806451613,1.0,7.75,0.11238293444328824,inf
96,frozenset({'SMALL FOLDING SCISSOR(POINTED EDGE)'}),"frozenset({'GROW A FLYTRAP OR SUNFLOWER IN TIN', 'TRAVEL CARD WALLET PANTRY'})",0.12903225806451613,0.12903225806451613,0.12903225806451613,1.0,7.75,0.11238293444328824,inf
97,frozenset({'GROW A FLYTRAP OR SUNFLOWER IN TIN'}),frozenset({'TRAVEL CARD WALLET PANTRY'}),0.12903225806451613,0.12903225806451613,0.12903225806451613,1.0,7.75,0.11238293444328824,inf
98,frozenset({'TRAVEL CARD WALLET PANTRY'}),"frozenset({'GROW A FLYTRAP OR SUNFLOWER IN TIN', 'SMALL FOLDING SCISSOR(POINTED EDGE)'})",0.12903225806451613,0.12903225806451613,0.12903225806451613,1.0,7.75,0.11238293444328824,inf
99,"frozenset({'SMALL FOLDING SCISSOR(POINTED EDGE)', 'FENG SHUI PILLAR CANDLE'})",frozenset({'TRAVEL CARD WALLET PANTRY'}),0.12903225806451613,0.12903225806451613,0.12903225806451613,1.0,7.75,0.11238293444328824,inf
100,"frozenset({'SMALL FOLDING SCISSOR(POINTED EDGE)', 'TRAVEL CARD WALLET PANTRY'})",frozenset({'FENG SHUI PILLAR CANDLE'}),0.12903225806451613,0.12903225806451613,0.12903225806451613,1.0,7.75,0.11238293444328824,inf
101,"frozenset({'FENG SHUI PILLAR CANDLE', 'TRAVEL CARD WALLET PANTRY'})",frozenset({'SMALL FOLDING SCISSOR(POINTED EDGE)'}),0.12903225806451613,0.12903225806451613,0.12903225806451613,1.0,7.75,0.11238293444328824,inf
102,frozenset({'SMALL FOLDING SCISSOR(POINTED EDGE)'}),"frozenset({'FENG SHUI PILLAR CANDLE', 'TRAVEL CARD WALLET PANTRY'})",0.12903225806451613,0.12903225806451613,0.12903225806451613,1.0,7.75,0.11238293444328824,inf
103,frozenset({'FENG SHUI PILLAR CANDLE'}),"frozenset({'SMALL FOLDING SCISSOR(POINTED EDGE)', 'TRAVEL CARD WALLET PANTRY'})",0.12903225806451613,0.12903225806451613,0.12903225806451613,1.0,7.75,0.11238293444328824,inf
104,frozenset({'TRAVEL CARD WALLET PANTRY'}),"frozenset({'SMALL FOLDING SCISSOR(POINTED EDGE)', 'FENG SHUI PILLAR CANDLE'})",0.12903225806451613,0.12903225806451613,0.12903225806451613,1.0,7.75,0.11238293444328824,inf
105,"frozenset({'GROW A FLYTRAP OR SUNFLOWER IN TIN', 'FENG SHUI PILLAR CANDLE'})",frozenset({'TRAVEL CARD WALLET PANTRY'}),0.12903225806451613,0.12903225806451613,0.12903225806451613,1.0,7.75,0.11238293444328824,inf
106,"frozenset({'GROW A FLYTRAP OR SUNFLOWER IN TIN', 'TRAVEL CARD WALLET PANTRY'})",frozenset({'FENG SHUI PILLAR CANDLE'}),0.12903225806451613,0.12903225806451613,0.12903225806451613,1.0,7.75,0.11238293444328824,inf
107,"frozenset({'FENG SHUI PILLAR CANDLE', 'TRAVEL CARD WALLET PANTRY'})",frozenset({'GROW A FLYTRAP OR SUNFLOWER IN TIN'}),0.12903225806451613,0.12903225806451613,0.12903225806451613,1.0,7.75,0.11238293444328824,inf
108,frozenset({'GROW A FLYTRAP OR SUNFLOWER IN TIN'}),"frozenset({'FENG SHUI PILLAR CANDLE', 'TRAVEL CARD WALLET PANTRY'})",0.12903225806451613,0.12903225806451613,0.12903225806451613,1.0,7.75,0.11238293444328824,inf
109,frozenset({'FENG SHUI PILLAR CANDLE'}),"frozenset({'GROW A FLYTRAP OR SUNFLOWER IN TIN', 'TRAVEL CARD WALLET PANTRY'})",0.12903225806451613,0.12903225806451613,0.12903225806451613,1.0,7.75,0.11238293444328824,inf
110,frozenset({'TRAVEL CARD WALLET PANTRY'}),"frozenset({'GROW A FLYTRAP OR SUNFLOWER IN TIN', 'FENG SHUI PILLAR CANDLE'})",0.12903225806451613,0.12903225806451613,0.12903225806451613,1.0,7.75,0.11238293444328824,inf
111,frozenset({'TRAVEL CARD WALLET PANTRY'}),frozenset({'GROW A FLYTRAP OR SUNFLOWER IN TIN'}),0.12903225806451613,0.12903225806451613,0.12903225806451613,1.0,7.75,0.11238293444328824,inf
112,frozenset({'CHOCOLATE HOT WATER BOTTLE'}),frozenset({'GROW A FLYTRAP OR SUNFLOWER IN TIN'}),0.12903225806451613,0.12903225806451613,0.12903225806451613,1.0,7.75,0.11238293444328824,inf
113,frozenset({'GROW A FLYTRAP OR SUNFLOWER IN TIN'}),frozenset({'SMALL FOLDING SCISSOR(POINTED EDGE)'}),0.12903225806451613,0.12903225806451613,0.12903225806451613,1.0,7.75,0.11238293444328824,inf
114,frozenset({'SMALL FOLDING SCISSOR(POINTED EDGE)'}),frozenset({'GROW A FLYTRAP OR SUNFLOWER IN TIN'}),0.12903225806451613,0.12903225806451613,0.12903225806451613,1.0,7.75,0.11238293444328824,inf
115,frozenset({'FENG SHUI PILLAR CANDLE'}),frozenset({'TRAVEL CARD WALLET PANTRY'}),0.12903225806451613,0.12903225806451613,0.12903225806451613,1.0,7.75,0.11238293444328824,inf
116,frozenset({'TRAVEL CARD WALLET PANTRY'}),frozenset({'FENG SHUI PILLAR CANDLE'}),0.12903225806451613,0.12903225806451613,0.12903225806451613,1.0,7.75,0.11238293444328824,inf
117,frozenset({'SMALL FOLDING SCISSOR(POINTED EDGE)'}),frozenset({'FENG SHUI PILLAR CANDLE'}),0.12903225806451613,0.12903225806451613,0.12903225806451613,1.0,7.75,0.11238293444328824,inf
118,frozenset({'FENG SHUI PILLAR CANDLE'}),frozenset({'SMALL FOLDING SCISSOR(POINTED EDGE)'}),0.12903225806451613,0.12903225806451613,0.12903225806451613,1.0,7.75,0.11238293444328824,inf
119,frozenset({'GROW A FLYTRAP OR SUNFLOWER IN TIN'}),frozenset({'FENG SHUI PILLAR CANDLE'}),0.12903225806451613,0.12903225806451613,0.12903225806451613,1.0,7.75,0.11238293444328824,inf
120,frozenset({'FENG SHUI PILLAR CANDLE'}),frozenset({'GROW A FLYTRAP OR SUNFLOWER IN TIN'}),0.12903225806451613,0.12903225806451613,0.12903225806451613,1.0,7.75,0.11238293444328824,inf
121,frozenset({'CHOCOLATE HOT WATER BOTTLE'}),frozenset({'TRAVEL CARD WALLET PANTRY'}),0.12903225806451613,0.12903225806451613,0.12903225806451613,1.0,7.75,0.11238293444328824,inf
122,frozenset({'TRAVEL CARD WALLET PANTRY'}),frozenset({'CHOCOLATE HOT WATER BOTTLE'}),0.12903225806451613,0.12903225806451613,0.12903225806451613,1.0,7.75,0.11238293444328824,inf
123,frozenset({'SMALL FOLDING SCISSOR(POINTED EDGE)'}),frozenset({'CHOCOLATE HOT WATER BOTTLE'}),0.12903225806451613,0.12903225806451613,0.12903225806451613,1.0,7.75,0.11238293444328824,inf
124,frozenset({'CHOCOLATE HOT WATER BOTTLE'}),frozenset({'SMALL FOLDING SCISSOR(POINTED EDGE)'}),0.12903225806451613,0.12903225806451613,0.12903225806451613,1.0,7.75,0.11238293444328824,inf
125,frozenset({'GROW A FLYTRAP OR SUNFLOWER IN TIN'}),frozenset({'CHOCOLATE HOT WATER BOTTLE'}),0.12903225806451613,0.12903225806451613,0.12903225806451613,1.0,7.75,0.11238293444328824,inf
126,frozenset({'TRAVEL CARD WALLET PANTRY'}),"frozenset({'GROW A FLYTRAP OR SUNFLOWER IN TIN', 'SMALL FOLDING SCISSOR(POINTED EDGE)', 'FENG SHUI PILLAR CANDLE'})",0.12903225806451613,0.12903225806451613,0.12903225806451613,1.0,7.75,0.11238293444328824,inf
127,frozenset({'TRAVEL CARD WALLET PANTRY'}),"frozenset({'GROW A FLYTRAP OR SUNFLOWER IN TIN', 'SMALL FOLDING SCISSOR(POINTED EDGE)', 'FENG SHUI PILLAR CANDLE', 'CHOCOLATE HOT WATER BOTTLE'})",0.12903225806451613,0.12903225806451613,0.12903225806451613,1.0,7.75,0.11238293444328824,inf
128,frozenset({'SMALL FOLDING SCISSOR(POINTED EDGE)'}),"frozenset({'GROW A FLYTRAP OR SUNFLOWER IN TIN', 'FENG SHUI PILLAR CANDLE', 'TRAVEL CARD WALLET PANTRY'})",0.12903225806451613,0.12903225806451613,0.12903225806451613,1.0,7.75,0.11238293444328824,inf
129,"frozenset({'CHOCOLATE HOT WATER BOTTLE', 'FENG SHUI PILLAR CANDLE'})",frozenset({'GROW A FLYTRAP OR SUNFLOWER IN TIN'}),0.12903225806451613,0.12903225806451613,0.12903225806451613,1.0,7.75,0.11238293444328824,inf
130,"frozenset({'GROW A FLYTRAP OR SUNFLOWER IN TIN', 'SMALL FOLDING SCISSOR(POINTED EDGE)'})",frozenset({'CHOCOLATE HOT WATER BOTTLE'}),0.12903225806451613,0.12903225806451613,0.12903225806451613,1.0,7.75,0.11238293444328824,inf
131,"frozenset({'SMALL FOLDING SCISSOR(POINTED EDGE)', 'CHOCOLATE HOT WATER BOTTLE'})",frozenset({'GROW A FLYTRAP OR SUNFLOWER IN TIN'}),0.12903225806451613,0.12903225806451613,0.12903225806451613,1.0,7.75,0.11238293444328824,inf
132,frozenset({'GROW A FLYTRAP OR SUNFLOWER IN TIN'}),"frozenset({'SMALL FOLDING SCISSOR(POINTED EDGE)', 'CHOCOLATE HOT WATER BOTTLE'})",0.12903225806451613,0.12903225806451613,0.12903225806451613,1.0,7.75,0.11238293444328824,inf
133,frozenset({'CHOCOLATE HOT WATER BOTTLE'}),"frozenset({'GROW A FLYTRAP OR SUNFLOWER IN TIN', 'SMALL FOLDING SCISSOR(POINTED EDGE)'})",0.12903225806451613,0.12903225806451613,0.12903225806451613,1.0,7.75,0.11238293444328824,inf
134,frozenset({'SMALL FOLDING SCISSOR(POINTED EDGE)'}),"frozenset({'GROW A FLYTRAP OR SUNFLOWER IN TIN', 'CHOCOLATE HOT WATER BOTTLE'})",0.12903225806451613,0.12903225806451613,0.12903225806451613,1.0,7.75,0.11238293444328824,inf
135,"frozenset({'GROW A FLYTRAP OR SUNFLOWER IN TIN', 'SMALL FOLDING SCISSOR(POINTED EDGE)'})",frozenset({'FENG SHUI PILLAR CANDLE'}),0.12903225806451613,0.12903225806451613,0.12903225806451613,1.0,7.75,0.11238293444328824,inf
136,"frozenset({'GROW A FLYTRAP OR SUNFLOWER IN TIN', 'FENG SHUI PILLAR CANDLE'})",frozenset({'SMALL FOLDING SCISSOR(POINTED EDGE)'}),0.12903225806451613,0.12903225806451613,0.12903225806451613,1.0,7.75,0.11238293444328824,inf
137,"frozenset({'SMALL FOLDING SCISSOR(POINTED EDGE)', 'FENG SHUI PILLAR CANDLE'})",frozenset({'GROW A FLYTRAP OR SUNFLOWER IN TIN'}),0.12903225806451613,0.12903225806451613,0.12903225806451613,1.0,7.75,0.11238293444328824,inf
138,frozenset({'GROW A FLYTRAP OR SUNFLOWER IN TIN'}),"frozenset({'SMALL FOLDING SCISSOR(POINTED EDGE)', 'FENG SHUI PILLAR CANDLE'})",0.12903225806451613,0.12903225806451613,0.12903225806451613,1.0,7.75,0.11238293444328824,inf
139,frozenset({'SMALL FOLDING SCISSOR(POINTED EDGE)'}),"frozenset({'GROW A FLYTRAP OR SUNFLOWER IN TIN', 'FENG SHUI PILLAR CANDLE'})",0.12903225806451613,0.12903225806451613,0.12903225806451613,1.0,7.75,0.11238293444328824,inf
140,frozenset({'FENG SHUI PILLAR CANDLE'}),"frozenset({'GROW A FLYTRAP OR SUNFLOWER IN TIN', 'SMALL FOLDING SCISSOR(POINTED EDGE)'})",0.12903225806451613,0.12903225806451613,0.12903225806451613,1.0,7.75,0.11238293444328824,inf
141,"frozenset({'GROW A FLYTRAP OR SUNFLOWER IN TIN', 'CHOCOLATE HOT WATER BOTTLE'})",frozenset({'TRAVEL CARD WALLET PANTRY'}),0.12903225806451613,0.12903225806451613,0.12903225806451613,1.0,7.75,0.11238293444328824,inf
142,"frozenset({'GROW A FLYTRAP OR SUNFLOWER IN TIN', 'TRAVEL CARD WALLET PANTRY'})",frozenset({'CHOCOLATE HOT WATER BOTTLE'}),0.12903225806451613,0.12903225806451613,0.12903225806451613,1.0,7.75,0.11238293444328824,inf
143,"frozenset({'CHOCOLATE HOT WATER BOTTLE', 'TRAVEL CARD WALLET PANTRY'})",frozenset({'GROW A FLYTRAP OR SUNFLOWER IN TIN'}),0.12903225806451613,0.12903225806451613,0.12903225806451613,1.0,7.75,0.11238293444328824,inf
144,frozenset({'GROW A FLYTRAP OR SUNFLOWER IN TIN'}),"frozenset({'CHOCOLATE HOT WATER BOTTLE', 'TRAVEL CARD WALLET PANTRY'})",0.12903225806451613,0.12903225806451613,0.12903225806451613,1.0,7.75,0.11238293444328824,inf
145,frozenset({'CHOCOLATE HOT WATER BOTTLE'}),"frozenset({'GROW A FLYTRAP OR SUNFLOWER IN TIN', 'TRAVEL CARD WALLET PANTRY'})",0.12903225806451613,0.12903225806451613,0.12903225806451613,1.0,7.75,0.11238293444328824,inf
146,frozenset({'TRAVEL CARD WALLET PANTRY'}),"frozenset({'GROW A FLYTRAP OR SUNFLOWER IN TIN', 'CHOCOLATE HOT WATER BOTTLE'})",0.12903225806451613,0.12903225806451613,0.12903225806451613,1.0,7.75,0.11238293444328824,inf
147,"frozenset({'GROW A FLYTRAP OR SUNFLOWER IN TIN', 'CHOCOLATE HOT WATER BOTTLE'})",frozenset({'FENG SHUI PILLAR CANDLE'}),0.12903225806451613,0.12903225806451613,0.12903225806451613,1.0,7.75,0.11238293444328824,inf
148,frozenset({'GROW A FLYTRAP OR SUNFLOWER IN TIN'}),"frozenset({'CHOCOLATE HOT WATER BOTTLE', 'FENG SHUI PILLAR CANDLE'})",0.12903225806451613,0.12903225806451613,0.12903225806451613,1.0,7.75,0.11238293444328824,inf
149,"frozenset({'SMALL FOLDING SCISSOR(POINTED EDGE)', 'TRAVEL CARD WALLET PANTRY'})",frozenset({'CHOCOLATE HOT WATER BOTTLE'}),0.12903225806451613,0.12903225806451613,0.12903225806451613,1.0,7.75,0.11238293444328824,inf
150,frozenset({'CHOCOLATE HOT WATER BOTTLE'}),"frozenset({'GROW A FLYTRAP OR SUNFLOWER IN TIN', 'FENG SHUI PILLAR CANDLE'})",0.12903225806451613,0.12903225806451613,0.12903225806451613,1.0,7.75,0.11238293444328824,inf
151,"frozenset({'SMALL FOLDING SCISSOR(POINTED EDGE)', 'CHOCOLATE HOT WATER BOTTLE'})",frozenset({'FENG SHUI PILLAR CANDLE'}),0.12903225806451613,0.12903225806451613,0.12903225806451613,1.0,7.75,0.11238293444328824,inf
152,frozenset({'TRAVEL CARD WALLET PANTRY'}),"frozenset({'CHOCOLATE HOT WATER BOTTLE', 'FENG SHUI PILLAR CANDLE'})",0.12903225806451613,0.12903225806451613,0.12903225806451613,1.0,7.75,0.11238293444328824,inf
153,frozenset({'FENG SHUI PILLAR CANDLE'}),"frozenset({'CHOCOLATE HOT WATER BOTTLE', 'TRAVEL CARD WALLET PANTRY'})",0.12903225806451613,0.12903225806451613,0.12903225806451613,1.0,7.75,0.11238293444328824,inf
154,frozenset({'CHOCOLATE HOT WATER BOTTLE'}),"frozenset({'FENG SHUI PILLAR CANDLE', 'TRAVEL CARD WALLET PANTRY'})",0.12903225806451613,0.12903225806451613,0.12903225806451613,1.0,7.75,0.11238293444328824,inf
155,"frozenset({'FENG SHUI PILLAR CANDLE', 'TRAVEL CARD WALLET PANTRY'})",frozenset({'CHOCOLATE HOT WATER BOTTLE'}),0.12903225806451613,0.12903225806451613,0.12903225806451613,1.0,7.75,0.11238293444328824,inf
156,"frozenset({'CHOCOLATE HOT WATER BOTTLE', 'TRAVEL CARD WALLET PANTRY'})",frozenset({'FENG SHUI PILLAR CANDLE'}),0.12903225806451613,0.12903225806451613,0.12903225806451613,1.0,7.75,0.11238293444328824,inf
157,"frozenset({'CHOCOLATE HOT WATER BOTTLE', 'FENG SHUI PILLAR CANDLE'})",frozenset({'TRAVEL CARD WALLET PANTRY'}),0.12903225806451613,0.12903225806451613,0.12903225806451613,1.0,7.75,0.11238293444328824,inf
158,"frozenset({'SMALL FOLDING SCISSOR(POINTED EDGE)', 'FENG SHUI PILLAR CANDLE'})",frozenset({'CHOCOLATE HOT WATER BOTTLE'}),0.12903225806451613,0.12903225806451613,0.12903225806451613,1.0,7.75,0.11238293444328824,inf
159,"frozenset({'CHOCOLATE HOT WATER BOTTLE', 'FENG SHUI PILLAR CANDLE'})",frozenset({'SMALL FOLDING SCISSOR(POINTED EDGE)'}),0.12903225806451613,0.12903225806451613,0.12903225806451613,1.0,7.75,0.11238293444328824,inf
160,frozenset({'SMALL FOLDING SCISSOR(POINTED EDGE)'}),"frozenset({'CHOCOLATE HOT WATER BOTTLE', 'FENG SHUI PILLAR CANDLE'})",0.12903225806451613,0.12903225806451613,0.12903225806451613,1.0,7.75,0.11238293444328824,inf
161,frozenset({'CHOCOLATE HOT WATER BOTTLE'}),"frozenset({'SMALL FOLDING SCISSOR(POINTED EDGE)', 'FENG SHUI PILLAR CANDLE'})",0.12903225806451613,0.12903225806451613,0.12903225806451613,1.0,7.75,0.11238293444328824,inf
162,frozenset({'FENG SHUI PILLAR CANDLE'}),"frozenset({'SMALL FOLDING SCISSOR(POINTED EDGE)', 'CHOCOLATE HOT WATER BOTTLE'})",0.12903225806451613,0.12903225806451613,0.12903225806451613,1.0,7.75,0.11238293444328824,inf
163,frozenset({'GROW A FLYTRAP OR SUNFLOWER IN TIN'}),"frozenset({'SMALL FOLDING SCISSOR(POINTED EDGE)', 'FENG SHUI PILLAR CANDLE', 'TRAVEL CARD WALLET PANTRY'})",0.12903225806451613,0.12903225806451613,0.12903225806451613,1.0,7.75,0.11238293444328824,inf
164,frozenset({'FENG SHUI PILLAR CANDLE'}),"frozenset({'GROW A FLYTRAP OR SUNFLOWER IN TIN', 'CHOCOLATE HOT WATER BOTTLE'})",0.12903225806451613,0.12903225806451613,0.12903225806451613,1.0,7.75,0.11238293444328824,inf
165,frozenset({'SMALL FOLDING SCISSOR(POINTED EDGE)'}),frozenset({'TRAVEL CARD WALLET PANTRY'}),0.12903225806451613,0.12903225806451613,0.12903225806451613,1.0,7.75,0.11238293444328824,inf
166,frozenset({'TRAVEL CARD WALLET PANTRY'}),frozenset({'SMALL FOLDING SCISSOR(POINTED EDGE)'}),0.12903225806451613,0.12903225806451613,0.12903225806451613,1.0,7.75,0.11238293444328824,inf
167,"frozenset({'GROW A FLYTRAP OR SUNFLOWER IN TIN', 'CHOCOLATE HOT WATER BOTTLE'})",frozenset({'SMALL FOLDING SCISSOR(POINTED EDGE)'}),0.12903225806451613,0.12903225806451613,0.12903225806451613,1.0,7.75,0.11238293444328824,inf
168,"frozenset({'SMALL FOLDING SCISSOR(POINTED EDGE)', 'CHOCOLATE HOT WATER BOTTLE'})",frozenset({'TRAVEL CARD WALLET PANTRY'}),0.12903225806451613,0.12903225806451613,0.12903225806451613,1.0,7.75,0.11238293444328824,inf
169,"frozenset({'GROW A FLYTRAP OR SUNFLOWER IN TIN', 'FENG SHUI PILLAR CANDLE'})",frozenset({'CHOCOLATE HOT WATER BOTTLE'}),0.12903225806451613,0.12903225806451613,0.12903225806451613,1.0,7.75,0.11238293444328824,inf
170,"frozenset({'CHOCOLATE HOT WATER BOTTLE', 'TRAVEL CARD WALLET PANTRY'})",frozenset({'SMALL FOLDING SCISSOR(POINTED EDGE)'}),0.12903225806451613,0.12903225806451613,0.12903225806451613,1.0,7.75,0.11238293444328824,inf
171,"frozenset({'FENG SHUI PILLAR CANDLE', 'TRAVEL CARD WALLET PANTRY'})","frozenset({'GROW A FLYTRAP OR SUNFLOWER IN TIN', 'SMALL FOLDING SCISSOR(POINTED EDGE)'})",0.12903225806451613,0.12903225806451613,0.12903225806451613,1.0,7.75,0.11238293444328824,inf
172,"frozenset({'SMALL FOLDING SCISSOR(POINTED EDGE)', 'FENG SHUI PILLAR CANDLE'})","frozenset({'GROW A FLYTRAP OR SUNFLOWER IN TIN', 'TRAVEL CARD WALLET PANTRY'})",0.12903225806451613,0.12903225806451613,0.12903225806451613,1.0,7.75,0.11238293444328824,inf
173,frozenset({'SMALL FOLDING SCISSOR(POINTED EDGE)'}),"frozenset({'CHOCOLATE HOT WATER BOTTLE', 'TRAVEL CARD WALLET PANTRY'})",0.12903225806451613,0.12903225806451613,0.12903225806451613,1.0,7.75,0.11238293444328824,inf
174,"frozenset({'GROW A FLYTRAP OR SUNFLOWER IN TIN', 'FENG SHUI PILLAR CANDLE'})","frozenset({'SMALL FOLDING SCISSOR(POINTED EDGE)', 'TRAVEL CARD WALLET PANTRY'})",0.12903225806451613,0.12903225806451613,0.12903225806451613,1.0,7.75,0.11238293444328824,inf
175,"frozenset({'GROW A FLYTRAP OR SUNFLOWER IN TIN', 'SMALL FOLDING SCISSOR(POINTED EDGE)'})","frozenset({'FENG SHUI PILLAR CANDLE', 'TRAVEL CARD WALLET PANTRY'})",0.12903225806451613,0.12903225806451613,0.12903225806451613,1.0,7.75,0.11238293444328824,inf
176,"frozenset({'SMALL FOLDING SCISSOR(POINTED EDGE)', 'FENG SHUI PILLAR CANDLE', 'TRAVEL CARD WALLET PANTRY'})",frozenset({'GROW A FLYTRAP OR SUNFLOWER IN TIN'}),0.12903225806451613,0.12903225806451613,0.12903225806451613,1.0,7.75,0.11238293444328824,inf
177,"frozenset({'GROW A FLYTRAP OR SUNFLOWER IN TIN', 'FENG SHUI PILLAR CANDLE', 'TRAVEL CARD WALLET PANTRY'})",frozenset({'SMALL FOLDING SCISSOR(POINTED EDGE)'}),0.12903225806451613,0.12903225806451613,0.12903225806451613,1.0,7.75,0.11238293444328824,inf
178,"frozenset({'GROW A FLYTRAP OR SUNFLOWER IN TIN', 'SMALL FOLDING SCISSOR(POINTED EDGE)', 'TRAVEL CARD WALLET PANTRY'})",frozenset({'FENG SHUI PILLAR CANDLE'}),0.12903225806451613,0.12903225806451613,0.12903225806451613,1.0,7.75,0.11238293444328824,inf
179,"frozenset({'GROW A FLYTRAP OR SUNFLOWER IN TIN', 'SMALL FOLDING SCISSOR(POINTED EDGE)', 'FENG SHUI PILLAR CANDLE'})",frozenset({'TRAVEL CARD WALLET PANTRY'}),0.12903225806451613,0.12903225806451613,0.12903225806451613,1.0,7.75,0.11238293444328824,inf
180,"frozenset({'SMALL FOLDING SCISSOR(POINTED EDGE)', 'TRAVEL CARD WALLET PANTRY'})","frozenset({'GROW A FLYTRAP OR SUNFLOWER IN TIN', 'FENG SHUI PILLAR CANDLE'})",0.12903225806451613,0.12903225806451613,0.12903225806451613,1.0,7.75,0.11238293444328824,inf
181,"frozenset({'GROW A FLYTRAP OR SUNFLOWER IN TIN', 'TRAVEL CARD WALLET PANTRY'})","frozenset({'SMALL FOLDING SCISSOR(POINTED EDGE)', 'FENG SHUI PILLAR CANDLE'})",0.12903225806451613,0.12903225806451613,0.12903225806451613,1.0,7.75,0.11238293444328824,inf
182,frozenset({'CHOCOLATE HOT WATER BOTTLE'}),"frozenset({'SMALL FOLDING SCISSOR(POINTED EDGE)', 'TRAVEL CARD WALLET PANTRY'})",0.12903225806451613,0.12903225806451613,0.12903225806451613,1.0,7.75,0.11238293444328824,inf
183,frozenset({'TRAVEL CARD WALLET PANTRY'}),"frozenset({'SMALL FOLDING SCISSOR(POINTED EDGE)', 'CHOCOLATE HOT WATER BOTTLE'})",0.12903225806451613,0.12903225806451613,0.12903225806451613,1.0,7.75,0.11238293444328824,inf
184,"frozenset({'SET OF 3 CAKE TINS PANTRY DESIGN', 'FAWN BLUE HOT WATER BOTTLE'})","frozenset({'RECIPE BOX PANTRY YELLOW DESIGN', 'SET OF TEA COFFEE SUGAR TINS PANTRY'})",0.16129032258064516,0.12903225806451613,0.12903225806451613,0.8,6.2,0.10822060353798127,4.35483870967742
185,frozenset({'HOT WATER BOTTLE TEA AND SYMPATHY'}),frozenset({'GIN AND TONIC MUG'}),0.16129032258064516,0.12903225806451613,0.12903225806451613,0.8,6.2,0.10822060353798127,4.35483870967742
186,"frozenset({'RECIPE BOX RETROSPOT', 'RECIPE BOX PANTRY YELLOW DESIGN'})",frozenset({'GIN AND TONIC MUG'}),0.16129032258064516,0.12903225806451613,0.12903225806451613,0.8,6.2,0.10822060353798127,4.35483870967742
187,"frozenset({'GIN AND TONIC MUG', 'RECIPE BOX PANTRY YELLOW DESIGN'})",frozenset({'RECIPE BOX RETROSPOT'}),0.12903225806451613,0.16129032258064516,0.12903225806451613,1.0,6.2,0.10822060353798127,inf
188,frozenset({'PACK OF 72 RETROSPOT CAKE CASES'}),frozenset({'PACK OF 60 PINK PAISLEY CAKE CASES'}),0.16129032258064516,0.12903225806451613,0.12903225806451613,0.8,6.2,0.10822060353798127,4.35483870967742
189,frozenset({'SET OF 12 FAIRY CAKE BAKING CASES'}),"frozenset({'SET OF 3 CAKE TINS PANTRY DESIGN', 'FAWN BLUE HOT WATER BOTTLE'})",0.12903225806451613,0.16129032258064516,0.12903225806451613,1.0,6.2,0.10822060353798127,inf
190,frozenset({'RECIPE BOX RETROSPOT'}),frozenset({'GIN AND TONIC MUG'}),0.16129032258064516,0.12903225806451613,0.12903225806451613,0.8,6.2,0.10822060353798127,4.35483870967742
191,"frozenset({'SET OF 3 CAKE TINS PANTRY DESIGN', 'FAWN BLUE HOT WATER BOTTLE'})",frozenset({'SET OF 12 FAIRY CAKE BAKING CASES'}),0.16129032258064516,0.12903225806451613,0.12903225806451613,0.8,6.2,0.10822060353798127,4.35483870967742
192,frozenset({'RECIPE BOX RETROSPOT'}),"frozenset({'GIN AND TONIC MUG', 'RECIPE BOX PANTRY YELLOW DESIGN'})",0.16129032258064516,0.12903225806451613,0.12903225806451613,0.8,6.2,0.10822060353798127,4.35483870967742
193,frozenset({'GIN AND TONIC MUG'}),frozenset({'RECIPE BOX RETROSPOT'}),0.12903225806451613,0.16129032258064516,0.12903225806451613,1.0,6.2,0.10822060353798127,inf
194,frozenset({'GIN AND TONIC MUG'}),"frozenset({'RECIPE BOX RETROSPOT', 'RECIPE BOX PANTRY YELLOW DESIGN'})",0.12903225806451613,0.16129032258064516,0.12903225806451613,1.0,6.2,0.10822060353798127,inf
195,frozenset({'GIN AND TONIC MUG'}),frozenset({'HOT WATER BOTTLE TEA AND SYMPATHY'}),0.12903225806451613,0.16129032258064516,0.12903225806451613,1.0,6.2,0.10822060353798127,inf
196,"frozenset({'RECIPE BOX RETROSPOT', 'GIN AND TONIC MUG'})",frozenset({'HOT WATER BOTTLE TEA AND SYMPATHY'}),0.12903225806451613,0.16129032258064516,0.12903225806451613,1.0,6.2,0.10822060353798127,inf
197,"frozenset({'RECIPE BOX RETROSPOT', 'HOT WATER BOTTLE TEA AND SYMPATHY'})",frozenset({'GIN AND TONIC MUG'}),0.16129032258064516,0.12903225806451613,0.12903225806451613,0.8,6.2,0.10822060353798127,4.35483870967742
198,"frozenset({'GIN AND TONIC MUG', 'HOT WATER BOTTLE TEA AND SYMPATHY'})",frozenset({'RECIPE BOX RETROSPOT'}),0.12903225806451613,0.16129032258064516,0.12903225806451613,1.0,6.2,0.10822060353798127,inf
199,frozenset({'RECIPE BOX RETROSPOT'}),"frozenset({'GIN AND TONIC MUG', 'HOT WATER BOTTLE TEA AND SYMPATHY'})",0.16129032258064516,0.12903225806451613,0.12903225806451613,0.8,6.2,0.10822060353798127,4.35483870967742
200,frozenset({'GIN AND TONIC MUG'}),"frozenset({'RECIPE BOX RETROSPOT', 'HOT WATER BOTTLE TEA AND SYMPATHY'})",0.12903225806451613,0.16129032258064516,0.12903225806451613,1.0,6.2,0.10822060353798127,inf
201,frozenset({'HOT WATER BOTTLE TEA AND SYMPATHY'}),"frozenset({'RECIPE BOX RETROSPOT', 'GIN AND TONIC MUG'})",0.16129032258064516,0.12903225806451613,0.12903225806451613,0.8,6.2,0.10822060353798127,4.35483870967742
202,"frozenset({'GIN AND TONIC MUG', 'RECIPE BOX PANTRY YELLOW DESIGN'})",frozenset({'HOT WATER BOTTLE TEA AND SYMPATHY'}),0.12903225806451613,0.16129032258064516,0.12903225806451613,1.0,6.2,0.10822060353798127,inf
203,frozenset({'PLASTERS IN TIN WOODLAND ANIMALS'}),frozenset({'PLASTERS IN TIN CIRCUS PARADE'}),0.16129032258064516,0.12903225806451613,0.12903225806451613,0.8,6.2,0.10822060353798127,4.35483870967742
204,frozenset({'GIN AND TONIC MUG'}),"frozenset({'RECIPE BOX PANTRY YELLOW DESIGN', 'HOT WATER BOTTLE TEA AND SYMPATHY'})",0.12903225806451613,0.16129032258064516,0.12903225806451613,1.0,6.2,0.10822060353798127,inf
205,frozenset({'HOT WATER BOTTLE TEA AND SYMPATHY'}),"frozenset({'GIN AND TONIC MUG', 'RECIPE BOX PANTRY YELLOW DESIGN'})",0.16129032258064516,0.12903225806451613,0.12903225806451613,0.8,6.2,0.10822060353798127,4.35483870967742
206,"frozenset({'BREAD BIN DINER STYLE IVORY', 'IVORY KITCHEN SCALES'})",frozenset({'BLACK KITCHEN SCALES'}),0.12903225806451613,0.16129032258064516,0.12903225806451613,1.0,6.2,0.10822060353798127,inf
207,frozenset({'PLASTERS IN TIN SPACEBOY'}),frozenset({'PLASTERS IN TIN CIRCUS PARADE'}),0.16129032258064516,0.12903225806451613,0.12903225806451613,0.8,6.2,0.10822060353798127,4.35483870967742
208,frozenset({'PLASTERS IN TIN CIRCUS PARADE'}),frozenset({'PLASTERS IN TIN SPACEBOY'}),0.12903225806451613,0.16129032258064516,0.12903225806451613,1.0,6.2,0.10822060353798127,inf
209,"frozenset({'RECIPE BOX RETROSPOT', 'RECIPE BOX PANTRY YELLOW DESIGN'})",frozenset({'HOT WATER BOTTLE TEA AND SYMPATHY'}),0.16129032258064516,0.16129032258064516,0.16129032258064516,1.0,6.2,0.13527575442247658,inf
210,"frozenset({'RECIPE BOX PANTRY YELLOW DESIGN', 'SET OF TEA COFFEE SUGAR TINS PANTRY'})","frozenset({'SET OF 3 CAKE TINS PANTRY DESIGN', 'FAWN BLUE HOT WATER BOTTLE'})",0.12903225806451613,0.16129032258064516,0.12903225806451613,1.0,6.2,0.10822060353798127,inf
211,"frozenset({'RECIPE BOX PANTRY YELLOW DESIGN', 'HOT WATER BOTTLE TEA AND SYMPATHY'})",frozenset({'GIN AND TONIC MUG'}),0.16129032258064516,0.12903225806451613,0.12903225806451613,0.8,6.2,0.10822060353798127,4.35483870967742
212,frozenset({'BLACK KITCHEN SCALES'}),"frozenset({'BREAD BIN DINER STYLE IVORY', 'IVORY KITCHEN SCALES'})",0.16129032258064516,0.12903225806451613,0.12903225806451613,0.8,6.2,0.10822060353798127,4.35483870967742
213,frozenset({'PACK OF 60 PINK PAISLEY CAKE CASES'}),frozenset({'PACK OF 72 RETROSPOT CAKE CASES'}),0.12903225806451613,0.16129032258064516,0.12903225806451613,1.0,6.2,0.10822060353798127,inf
214,"frozenset({'RECIPE BOX RETROSPOT', 'GIN AND TONIC MUG'})","frozenset({'RECIPE BOX PANTRY YELLOW DESIGN', 'HOT WATER BOTTLE TEA AND SYMPATHY'})",0.12903225806451613,0.16129032258064516,0.12903225806451613,1.0,6.2,0.10822060353798127,inf
215,"frozenset({'RECIPE BOX PANTRY YELLOW DESIGN', 'HOT WATER BOTTLE TEA AND SYMPATHY'})","frozenset({'RECIPE BOX RETROSPOT', 'GIN AND TONIC MUG'})",0.16129032258064516,0.12903225806451613,0.12903225806451613,0.8,6.2,0.10822060353798127,4.35483870967742
216,"frozenset({'GIN AND TONIC MUG', 'HOT WATER BOTTLE TEA AND SYMPATHY'})","frozenset({'RECIPE BOX RETROSPOT', 'RECIPE BOX PANTRY YELLOW DESIGN'})",0.12903225806451613,0.16129032258064516,0.12903225806451613,1.0,6.2,0.10822060353798127,inf
217,"frozenset({'GIN AND TONIC MUG', 'RECIPE BOX PANTRY YELLOW DESIGN'})","frozenset({'RECIPE BOX RETROSPOT', 'HOT WATER BOTTLE TEA AND SYMPATHY'})",0.12903225806451613,0.16129032258064516,0.12903225806451613,1.0,6.2,0.10822060353798127,inf
218,"frozenset({'RECIPE BOX PANTRY YELLOW DESIGN', 'HOT WATER BOTTLE TEA AND SYMPATHY'})",frozenset({'RECIPE BOX RETROSPOT'}),0.16129032258064516,0.16129032258064516,0.16129032258064516,1.0,6.2,0.13527575442247658,inf
219,"frozenset({'RECIPE BOX RETROSPOT', 'HOT WATER BOTTLE TEA AND SYMPATHY'})","frozenset({'GIN AND TONIC MUG', 'RECIPE BOX PANTRY YELLOW DESIGN'})",0.16129032258064516,0.12903225806451613,0.12903225806451613,0.8,6.2,0.10822060353798127,4.35483870967742
220,frozenset({'RECIPE BOX RETROSPOT'}),frozenset({'HOT WATER BOTTLE TEA AND SYMPATHY'}),0.16129032258064516,0.16129032258064516,0.16129032258064516,1.0,6.2,0.13527575442247658,inf
221,frozenset({'HOT WATER BOTTLE TEA AND SYMPATHY'}),frozenset({'RECIPE BOX RETROSPOT'}),0.16129032258064516,0.16129032258064516,0.16129032258064516,1.0,6.2,0.13527575442247658,inf
222,"frozenset({'RECIPE BOX RETROSPOT', 'RECIPE BOX PANTRY YELLOW DESIGN'})","frozenset({'GIN AND TONIC MUG', 'HOT WATER BOTTLE TEA AND SYMPATHY'})",0.16129032258064516,0.12903225806451613,0.12903225806451613,0.8,6.2,0.10822060353798127,4.35483870967742
223,frozenset({'PLASTERS IN TIN STRONGMAN'}),frozenset({'PLASTERS IN TIN WOODLAND ANIMALS'}),0.12903225806451613,0.16129032258064516,0.12903225806451613,1.0,6.2,0.10822060353798127,inf
224,frozenset({'PLASTERS IN TIN WOODLAND ANIMALS'}),frozenset({'PLASTERS IN TIN STRONGMAN'}),0.16129032258064516,0.12903225806451613,0.12903225806451613,0.8,6.2,0.10822060353798127,4.35483870967742
225,frozenset({'RECIPE BOX RETROSPOT'}),"frozenset({'GIN AND TONIC MUG', 'RECIPE BOX PANTRY YELLOW DESIGN', 'HOT WATER BOTTLE TEA AND SYMPATHY'})",0.16129032258064516,0.12903225806451613,0.12903225806451613,0.8,6.2,0.10822060353798127,4.35483870967742
226,frozenset({'GIN AND TONIC MUG'}),"frozenset({'RECIPE BOX RETROSPOT', 'RECIPE BOX PANTRY YELLOW DESIGN', 'HOT WATER BOTTLE TEA AND SYMPATHY'})",0.12903225806451613,0.16129032258064516,0.12903225806451613,1.0,6.2,0.10822060353798127,inf
227,frozenset({'RECIPE BOX RETROSPOT'}),"frozenset({'RECIPE BOX PANTRY YELLOW DESIGN', 'HOT WATER BOTTLE TEA AND SYMPATHY'})",0.16129032258064516,0.16129032258064516,0.16129032258064516,1.0,6.2,0.13527575442247658,inf
228,frozenset({'HOT WATER BOTTLE TEA AND SYMPATHY'}),"frozenset({'RECIPE BOX RETROSPOT', 'GIN AND TONIC MUG', 'RECIPE BOX PANTRY YELLOW DESIGN'})",0.16129032258064516,0.12903225806451613,0.12903225806451613,0.8,6.2,0.10822060353798127,4.35483870967742
229,"frozenset({'GIN AND TONIC MUG', 'RECIPE BOX PANTRY YELLOW DESIGN', 'HOT WATER BOTTLE TEA AND SYMPATHY'})",frozenset({'RECIPE BOX RETROSPOT'}),0.12903225806451613,0.16129032258064516,0.12903225806451613,1.0,6.2,0.10822060353798127,inf
230,frozenset({'PLASTERS IN TIN WOODLAND ANIMALS'}),"frozenset({'PLASTERS IN TIN SPACEBOY', 'PLASTERS IN TIN CIRCUS PARADE'})",0.16129032258064516,0.12903225806451613,0.12903225806451613,0.8,6.2,0.10822060353798127,4.35483870967742
231,"frozenset({'RECIPE BOX RETROSPOT', 'GIN AND TONIC MUG', 'RECIPE BOX PANTRY YELLOW DESIGN'})",frozenset({'HOT WATER BOTTLE TEA AND SYMPATHY'}),0.12903225806451613,0.16129032258064516,0.12903225806451613,1.0,6.2,0.10822060353798127,inf
232,frozenset({'PLASTERS IN TIN CIRCUS PARADE'}),frozenset({'PLASTERS IN TIN WOODLAND ANIMALS'}),0.12903225806451613,0.16129032258064516,0.12903225806451613,1.0,6.2,0.10822060353798127,inf
233,frozenset({'PLASTERS IN TIN SPACEBOY'}),"frozenset({'PLASTERS IN TIN WOODLAND ANIMALS', 'PLASTERS IN TIN CIRCUS PARADE'})",0.16129032258064516,0.12903225806451613,0.12903225806451613,0.8,6.2,0.10822060353798127,4.35483870967742
234,"frozenset({'RECIPE BOX RETROSPOT', 'RECIPE BOX PANTRY YELLOW DESIGN', 'HOT WATER BOTTLE TEA AND SYMPATHY'})",frozenset({'GIN AND TONIC MUG'}),0.16129032258064516,0.12903225806451613,0.12903225806451613,0.8,6.2,0.10822060353798127,4.35483870967742
235,frozenset({'HOT WATER BOTTLE TEA AND SYMPATHY'}),"frozenset({'RECIPE BOX RETROSPOT', 'RECIPE BOX PANTRY YELLOW DESIGN'})",0.16129032258064516,0.16129032258064516,0.16129032258064516,1.0,6.2,0.13527575442247658,inf
236,"frozenset({'PLASTERS IN TIN SPACEBOY', 'PLASTERS IN TIN CIRCUS PARADE'})",frozenset({'PLASTERS IN TIN WOODLAND ANIMALS'}),0.12903225806451613,0.16129032258064516,0.12903225806451613,1.0,6.2,0.10822060353798127,inf
237,"frozenset({'PLASTERS IN TIN WOODLAND ANIMALS', 'PLASTERS IN TIN CIRCUS PARADE'})",frozenset({'PLASTERS IN TIN SPACEBOY'}),0.12903225806451613,0.16129032258064516,0.12903225806451613,1.0,6.2,0.10822060353798127,inf
238,frozenset({'RECIPE BOX PANTRY YELLOW DESIGN'}),frozenset({'GIN AND TONIC MUG'}),0.1935483870967742,0.12903225806451613,0.12903225806451613,0.6666666666666666,5.166666666666667,0.1040582726326743,2.6129032258064515
239,"frozenset({'SET OF 3 CAKE TINS PANTRY DESIGN', 'FAWN BLUE HOT WATER BOTTLE', 'SET OF TEA COFFEE SUGAR TINS PANTRY'})",frozenset({'RECIPE BOX PANTRY YELLOW DESIGN'}),0.12903225806451613,0.1935483870967742,0.12903225806451613,1.0,5.166666666666667,0.1040582726326743,inf
240,frozenset({'CHILDS BREAKFAST SET SPACEBOY'}),"frozenset({'CHILDS BREAKFAST SET DOLLY GIRL', 'RED TOADSTOOL LED NIGHT LIGHT'})",0.1935483870967742,0.16129032258064516,0.16129032258064516,0.8333333333333334,5.166666666666667,0.13007284079084286,5.032258064516131
241,"frozenset({'CHILDS BREAKFAST SET DOLLY GIRL', 'RED TOADSTOOL LED NIGHT LIGHT'})",frozenset({'CHILDS BREAKFAST SET SPACEBOY'}),0.16129032258064516,0.1935483870967742,0.16129032258064516,1.0,5.166666666666667,0.13007284079084286,inf
242,"frozenset({'FAWN BLUE HOT WATER BOTTLE', 'SET OF TEA COFFEE SUGAR TINS PANTRY'})",frozenset({'RECIPE BOX PANTRY YELLOW DESIGN'}),0.12903225806451613,0.1935483870967742,0.12903225806451613,1.0,5.166666666666667,0.1040582726326743,inf
243,"frozenset({'SET OF 3 CAKE TINS PANTRY DESIGN', 'SET OF TEA COFFEE SUGAR TINS PANTRY'})","frozenset({'FAWN BLUE HOT WATER BOTTLE', 'RECIPE BOX PANTRY YELLOW DESIGN'})",0.1935483870967742,0.12903225806451613,0.12903225806451613,0.6666666666666666,5.166666666666667,0.1040582726326743,2.6129032258064515
244,"frozenset({'FAWN BLUE HOT WATER BOTTLE', 'RECIPE BOX PANTRY YELLOW DESIGN'})","frozenset({'SET OF 3 CAKE TINS PANTRY DESIGN', 'SET OF TEA COFFEE SUGAR TINS PANTRY'})",0.12903225806451613,0.1935483870967742,0.12903225806451613,1.0,5.166666666666667,0.1040582726326743,inf
245,frozenset({'RECIPE BOX PANTRY YELLOW DESIGN'}),"frozenset({'FAWN BLUE HOT WATER BOTTLE', 'SET OF TEA COFFEE SUGAR TINS PANTRY'})",0.1935483870967742,0.12903225806451613,0.12903225806451613,0.6666666666666666,5.166666666666667,0.1040582726326743,2.6129032258064515
246,frozenset({'GIN AND TONIC MUG'}),frozenset({'RECIPE BOX PANTRY YELLOW DESIGN'}),0.12903225806451613,0.1935483870967742,0.12903225806451613,1.0,5.166666666666667,0.1040582726326743,inf
247,"frozenset({'RECIPE BOX RETROSPOT', 'GIN AND TONIC MUG', 'HOT WATER BOTTLE TEA AND SYMPATHY'})",frozenset({'RECIPE BOX PANTRY YELLOW DESIGN'}),0.12903225806451613,0.1935483870967742,0.12903225806451613,1.0,5.166666666666667,0.1040582726326743,inf
248,frozenset({'RECIPE BOX PANTRY YELLOW DESIGN'}),"frozenset({'SET OF 3 CAKE TINS PANTRY DESIGN', 'FAWN BLUE HOT WATER BOTTLE', 'SET OF TEA COFFEE SUGAR TINS PANTRY'})",0.1935483870967742,0.12903225806451613,0.12903225806451613,0.6666666666666666,5.166666666666667,0.1040582726326743,2.6129032258064515
249,frozenset({'RECIPE BOX PANTRY YELLOW DESIGN'}),"frozenset({'RECIPE BOX RETROSPOT', 'HOT WATER BOTTLE TEA AND SYMPATHY'})",0.1935483870967742,0.16129032258064516,0.16129032258064516,0.8333333333333334,5.166666666666667,0.13007284079084286,5.032258064516131
250,frozenset({'RECIPE BOX PANTRY YELLOW DESIGN'}),"frozenset({'GIN AND TONIC MUG', 'HOT WATER BOTTLE TEA AND SYMPATHY'})",0.1935483870967742,0.12903225806451613,0.12903225806451613,0.6666666666666666,5.166666666666667,0.1040582726326743,2.6129032258064515
251,"frozenset({'RECIPE BOX RETROSPOT', 'GIN AND TONIC MUG'})",frozenset({'RECIPE BOX PANTRY YELLOW DESIGN'}),0.12903225806451613,0.1935483870967742,0.12903225806451613,1.0,5.166666666666667,0.1040582726326743,inf
252,frozenset({'SET OF 3 REGENCY CAKE TINS'}),"frozenset({'REGENCY CAKESTAND 3 TIER', 'IVORY KITCHEN SCALES'})",0.1935483870967742,0.12903225806451613,0.12903225806451613,0.6666666666666666,5.166666666666667,0.1040582726326743,2.6129032258064515
253,frozenset({'RECIPE BOX PANTRY YELLOW DESIGN'}),frozenset({'RECIPE BOX RETROSPOT'}),0.1935483870967742,0.16129032258064516,0.16129032258064516,0.8333333333333334,5.166666666666667,0.13007284079084286,5.032258064516131
254,frozenset({'RECIPE BOX PANTRY YELLOW DESIGN'}),"frozenset({'RECIPE BOX RETROSPOT', 'GIN AND TONIC MUG'})",0.1935483870967742,0.12903225806451613,0.12903225806451613,0.6666666666666666,5.166666666666667,0.1040582726326743,2.6129032258064515
255,frozenset({'RECIPE BOX RETROSPOT'}),frozenset({'RECIPE BOX PANTRY YELLOW DESIGN'}),0.16129032258064516,0.1935483870967742,0.16129032258064516,1.0,5.166666666666667,0.13007284079084286,inf
256,"frozenset({'GIN AND TONIC MUG', 'HOT WATER BOTTLE TEA AND SYMPATHY'})",frozenset({'RECIPE BOX PANTRY YELLOW DESIGN'}),0.12903225806451613,0.1935483870967742,0.12903225806451613,1.0,5.166666666666667,0.1040582726326743,inf
257,frozenset({'RECIPE BOX PANTRY YELLOW DESIGN'}),"frozenset({'RECIPE BOX RETROSPOT', 'GIN AND TONIC MUG', 'HOT WATER BOTTLE TEA AND SYMPATHY'})",0.1935483870967742,0.12903225806451613,0.12903225806451613,0.6666666666666666,5.166666666666667,0.1040582726326743,2.6129032258064515
258,frozenset({'HOT WATER BOTTLE TEA AND SYMPATHY'}),frozenset({'RECIPE BOX PANTRY YELLOW DESIGN'}),0.16129032258064516,0.1935483870967742,0.16129032258064516,1.0,5.166666666666667,0.13007284079084286,inf
259,"frozenset({'RECIPE BOX RETROSPOT', 'HOT WATER BOTTLE TEA AND SYMPATHY'})",frozenset({'RECIPE BOX PANTRY YELLOW DESIGN'}),0.16129032258064516,0.1935483870967742,0.16129032258064516,1.0,5.166666666666667,0.13007284079084286,inf
260,"frozenset({'REGENCY CAKESTAND 3 TIER', 'IVORY KITCHEN SCALES'})",frozenset({'SET OF 3 REGENCY CAKE TINS'}),0.12903225806451613,0.1935483870967742,0.12903225806451613,1.0,5.166666666666667,0.1040582726326743,inf
261,frozenset({'RECIPE BOX PANTRY YELLOW DESIGN'}),frozenset({'HOT WATER BOTTLE TEA AND SYMPATHY'}),0.1935483870967742,0.16129032258064516,0.16129032258064516,0.8333333333333334,5.166666666666667,0.13007284079084286,5.032258064516131
262,frozenset({'BREAD BIN DINER STYLE IVORY'}),frozenset({'BLACK KITCHEN SCALES'}),0.16129032258064516,0.16129032258064516,0.12903225806451613,0.8,4.960000000000001,0.10301768990634755,4.193548387096775
263,frozenset({'BREAD BIN DINER STYLE IVORY'}),"frozenset({'IVORY KITCHEN SCALES', 'BLACK KITCHEN SCALES'})",0.16129032258064516,0.16129032258064516,0.12903225806451613,0.8,4.960000000000001,0.10301768990634755,4.193548387096775
264,"frozenset({'IVORY KITCHEN SCALES', 'BLACK KITCHEN SCALES'})",frozenset({'BREAD BIN DINER STYLE IVORY'}),0.16129032258064516,0.16129032258064516,0.12903225806451613,0.8,4.960000000000001,0.10301768990634755,4.193548387096775
265,frozenset({'PLASTERS IN TIN WOODLAND ANIMALS'}),frozenset({'PLASTERS IN TIN SPACEBOY'}),0.16129032258064516,0.16129032258064516,0.12903225806451613,0.8,4.960000000000001,0.10301768990634755,4.193548387096775
266,frozenset({'PLASTERS IN TIN SPACEBOY'}),frozenset({'PLASTERS IN TIN WOODLAND ANIMALS'}),0.16129032258064516,0.16129032258064516,0.12903225806451613,0.8,4.960000000000001,0.10301768990634755,4.193548387096775
267,frozenset({'BLACK KITCHEN SCALES'}),frozenset({'BREAD BIN DINER STYLE IVORY'}),0.16129032258064516,0.16129032258064516,0.12903225806451613,0.8,4.960000000000001,0.10301768990634755,4.193548387096775
268,frozenset({'FAWN BLUE HOT WATER BOTTLE'}),frozenset({'SET OF 4 KNICK KNACK TINS DOILY'}),0.22580645161290322,0.12903225806451613,0.12903225806451613,0.5714285714285714,4.428571428571429,0.09989594172736732,2.032258064516129
269,frozenset({'SET OF 4 KNICK KNACK TINS DOILY'}),frozenset({'FAWN BLUE HOT WATER BOTTLE'}),0.12903225806451613,0.22580645161290322,0.12903225806451613,1.0,4.428571428571429,0.09989594172736732,inf
270,frozenset({'SET OF 12 FAIRY CAKE BAKING CASES'}),frozenset({'FAWN BLUE HOT WATER BOTTLE'}),0.12903225806451613,0.22580645161290322,0.12903225806451613,1.0,4.428571428571429,0.09989594172736732,inf
271,frozenset({'FAWN BLUE HOT WATER BOTTLE'}),"frozenset({'SET OF 3 CAKE TINS PANTRY DESIGN', 'RECIPE BOX PANTRY YELLOW DESIGN'})",0.22580645161290322,0.12903225806451613,0.12903225806451613,0.5714285714285714,4.428571428571429,0.09989594172736732,2.032258064516129
272,frozenset({'FAWN BLUE HOT WATER BOTTLE'}),frozenset({'SET OF 12 FAIRY CAKE BAKING CASES'}),0.22580645161290322,0.12903225806451613,0.12903225806451613,0.5714285714285714,4.428571428571429,0.09989594172736732,2.032258064516129
273,frozenset({'FAWN BLUE HOT WATER BOTTLE'}),frozenset({'CIRCUS PARADE LUNCH BOX'}),0.22580645161290322,0.12903225806451613,0.12903225806451613,0.5714285714285714,4.428571428571429,0.09989594172736732,2.032258064516129
274,frozenset({'IVORY KITCHEN SCALES'}),frozenset({'BLACK KITCHEN SCALES'}),0.22580645161290322,0.16129032258064516,0.16129032258064516,0.7142857142857143,4.428571428571429,0.12486992715920915,2.935483870967742
275,frozenset({'BLACK KITCHEN SCALES'}),frozenset({'IVORY KITCHEN SCALES'}),0.16129032258064516,0.22580645161290322,0.16129032258064516,1.0,4.428571428571429,0.12486992715920915,inf
276,frozenset({'CIRCUS PARADE LUNCH BOX'}),frozenset({'FAWN BLUE HOT WATER BOTTLE'}),0.12903225806451613,0.22580645161290322,0.12903225806451613,1.0,4.428571428571429,0.09989594172736732,inf
277,"frozenset({'BREAD BIN DINER STYLE IVORY', 'BLACK KITCHEN SCALES'})",frozenset({'IVORY KITCHEN SCALES'}),0.12903225806451613,0.22580645161290322,0.12903225806451613,1.0,4.428571428571429,0.09989594172736732,inf
278,"frozenset({'SET OF 3 CAKE TINS PANTRY DESIGN', 'RECIPE BOX PANTRY YELLOW DESIGN'})",frozenset({'SET OF TEA COFFEE SUGAR TINS PANTRY'}),0.12903225806451613,0.22580645161290322,0.12903225806451613,1.0,4.428571428571429,0.09989594172736732,inf
279,"frozenset({'RECIPE BOX PANTRY YELLOW DESIGN', 'SET OF TEA COFFEE SUGAR TINS PANTRY'})",frozenset({'FAWN BLUE HOT WATER BOTTLE'}),0.12903225806451613,0.22580645161290322,0.12903225806451613,1.0,4.428571428571429,0.09989594172736732,inf
280,frozenset({'IVORY KITCHEN SCALES'}),"frozenset({'SET OF 3 REGENCY CAKE TINS', 'REGENCY CAKESTAND 3 TIER'})",0.22580645161290322,0.12903225806451613,0.12903225806451613,0.5714285714285714,4.428571428571429,0.09989594172736732,2.032258064516129
281,frozenset({'FAWN BLUE HOT WATER BOTTLE'}),"frozenset({'SET OF 3 CAKE TINS PANTRY DESIGN', 'RECIPE BOX PANTRY YELLOW DESIGN', 'SET OF TEA COFFEE SUGAR TINS PANTRY'})",0.22580645161290322,0.12903225806451613,0.12903225806451613,0.5714285714285714,4.428571428571429,0.09989594172736732,2.032258064516129
282,"frozenset({'SET OF 3 CAKE TINS PANTRY DESIGN', 'SET OF 12 FAIRY CAKE BAKING CASES'})",frozenset({'FAWN BLUE HOT WATER BOTTLE'}),0.12903225806451613,0.22580645161290322,0.12903225806451613,1.0,4.428571428571429,0.09989594172736732,inf
283,"frozenset({'SET OF 3 REGENCY CAKE TINS', 'REGENCY CAKESTAND 3 TIER'})",frozenset({'IVORY KITCHEN SCALES'}),0.12903225806451613,0.22580645161290322,0.12903225806451613,1.0,4.428571428571429,0.09989594172736732,inf
284,"frozenset({'SET OF 3 CAKE TINS PANTRY DESIGN', 'RECIPE BOX PANTRY YELLOW DESIGN', 'SET OF TEA COFFEE SUGAR TINS PANTRY'})",frozenset({'FAWN BLUE HOT WATER BOTTLE'}),0.12903225806451613,0.22580645161290322,0.12903225806451613,1.0,4.428571428571429,0.09989594172736732,inf
285,frozenset({'FAWN BLUE HOT WATER BOTTLE'}),"frozenset({'SET OF 3 CAKE TINS PANTRY DESIGN', 'SET OF 12 FAIRY CAKE BAKING CASES'})",0.22580645161290322,0.12903225806451613,0.12903225806451613,0.5714285714285714,4.428571428571429,0.09989594172736732,2.032258064516129
286,"frozenset({'FAWN BLUE HOT WATER BOTTLE', 'RECIPE BOX PANTRY YELLOW DESIGN'})",frozenset({'SET OF TEA COFFEE SUGAR TINS PANTRY'}),0.12903225806451613,0.22580645161290322,0.12903225806451613,1.0,4.428571428571429,0.09989594172736732,inf
287,frozenset({'SET OF TEA COFFEE SUGAR TINS PANTRY'}),"frozenset({'SET OF 3 CAKE TINS PANTRY DESIGN', 'RECIPE BOX PANTRY YELLOW DESIGN'})",0.22580645161290322,0.12903225806451613,0.12903225806451613,0.5714285714285714,4.428571428571429,0.09989594172736732,2.032258064516129
288,frozenset({'SET OF TEA COFFEE SUGAR TINS PANTRY'}),"frozenset({'SET OF 3 CAKE TINS PANTRY DESIGN', 'FAWN BLUE HOT WATER BOTTLE', 'RECIPE BOX PANTRY YELLOW DESIGN'})",0.22580645161290322,0.12903225806451613,0.12903225806451613,0.5714285714285714,4.428571428571429,0.09989594172736732,2.032258064516129
289,frozenset({'IVORY KITCHEN SCALES'}),"frozenset({'BREAD BIN DINER STYLE IVORY', 'BLACK KITCHEN SCALES'})",0.22580645161290322,0.12903225806451613,0.12903225806451613,0.5714285714285714,4.428571428571429,0.09989594172736732,2.032258064516129
290,frozenset({'SET OF TEA COFFEE SUGAR TINS PANTRY'}),"frozenset({'FAWN BLUE HOT WATER BOTTLE', 'RECIPE BOX PANTRY YELLOW DESIGN'})",0.22580645161290322,0.12903225806451613,0.12903225806451613,0.5714285714285714,4.428571428571429,0.09989594172736732,2.032258064516129
291,"frozenset({'SET OF 3 CAKE TINS PANTRY DESIGN', 'RECIPE BOX PANTRY YELLOW DESIGN'})",frozenset({'FAWN BLUE HOT WATER BOTTLE'}),0.12903225806451613,0.22580645161290322,0.12903225806451613,1.0,4.428571428571429,0.09989594172736732,inf
292,frozenset({'FAWN BLUE HOT WATER BOTTLE'}),"frozenset({'RECIPE BOX PANTRY YELLOW DESIGN', 'SET OF TEA COFFEE SUGAR TINS PANTRY'})",0.22580645161290322,0.12903225806451613,0.12903225806451613,0.5714285714285714,4.428571428571429,0.09989594172736732,2.032258064516129
293,"frozenset({'SET OF 3 CAKE TINS PANTRY DESIGN', 'FAWN BLUE HOT WATER BOTTLE', 'RECIPE BOX PANTRY YELLOW DESIGN'})",frozenset({'SET OF TEA COFFEE SUGAR TINS PANTRY'}),0.12903225806451613,0.22580645161290322,0.12903225806451613,1.0,4.428571428571429,0.09989594172736732,inf
294,"frozenset({'CHILDS BREAKFAST SET DOLLY GIRL', 'CHILDS BREAKFAST SET SPACEBOY'})",frozenset({'RED TOADSTOOL LED NIGHT LIGHT'}),0.1935483870967742,0.1935483870967742,0.16129032258064516,0.8333333333333334,4.305555555555556,0.1238293444328824,4.838709677419356
295,frozenset({'CHILDS BREAKFAST SET SPACEBOY'}),frozenset({'RED TOADSTOOL LED NIGHT LIGHT'}),0.1935483870967742,0.1935483870967742,0.16129032258064516,0.8333333333333334,4.305555555555556,0.1238293444328824,4.838709677419356
296,frozenset({'RED TOADSTOOL LED NIGHT LIGHT'}),"frozenset({'CHILDS BREAKFAST SET DOLLY GIRL', 'CHILDS BREAKFAST SET SPACEBOY'})",0.1935483870967742,0.1935483870967742,0.16129032258064516,0.8333333333333334,4.305555555555556,0.1238293444328824,4.838709677419356
297,frozenset({'RED TOADSTOOL LED NIGHT LIGHT'}),frozenset({'CHILDS BREAKFAST SET SPACEBOY'}),0.1935483870967742,0.1935483870967742,0.16129032258064516,0.8333333333333334,4.305555555555556,0.1238293444328824,4.838709677419356
298,"frozenset({'SET OF 3 CAKE TINS PANTRY DESIGN', 'FAWN BLUE HOT WATER BOTTLE'})",frozenset({'RECIPE BOX PANTRY YELLOW DESIGN'}),0.16129032258064516,0.1935483870967742,0.12903225806451613,0.8,4.133333333333334,0.09781477627471384,4.03225806451613
299,frozenset({'RECIPE BOX PANTRY YELLOW DESIGN'}),"frozenset({'SET OF 3 CAKE TINS PANTRY DESIGN', 'FAWN BLUE HOT WATER BOTTLE'})",0.1935483870967742,0.16129032258064516,0.12903225806451613,0.6666666666666666,4.133333333333333,0.09781477627471384,2.5161290322580645
300,"frozenset({'RED TOADSTOOL LED NIGHT LIGHT', 'CHILDS BREAKFAST SET SPACEBOY'})",frozenset({'CHILDS BREAKFAST SET DOLLY GIRL'}),0.16129032258064516,0.25806451612903225,0.16129032258064516,1.0,3.875,0.11966701352757544,inf
301,frozenset({'CHILDS BREAKFAST SET SPACEBOY'}),frozenset({'CHILDS BREAKFAST SET DOLLY GIRL'}),0.1935483870967742,0.25806451612903225,0.1935483870967742,1.0,3.875,0.14360041623309053,inf
302,frozenset({'CHILDS BREAKFAST SET DOLLY GIRL'}),"frozenset({'RED TOADSTOOL LED NIGHT LIGHT', 'CHILDS BREAKFAST SET SPACEBOY'})",0.25806451612903225,0.16129032258064516,0.16129032258064516,0.625,3.875,0.11966701352757544,2.2365591397849465
303,frozenset({'CHILDS BREAKFAST SET DOLLY GIRL'}),frozenset({'CHILDS BREAKFAST SET SPACEBOY'}),0.25806451612903225,0.1935483870967742,0.1935483870967742,0.75,3.875,0.14360041623309053,3.225806451612903
304,frozenset({'MINT KITCHEN SCALES'}),frozenset({'IVORY KITCHEN SCALES'}),0.16129032258064516,0.22580645161290322,0.12903225806451613,0.8,3.542857142857143,0.09261186264308012,3.8709677419354844
305,frozenset({'GUMBALL COAT RACK'}),frozenset({'FAWN BLUE HOT WATER BOTTLE'}),0.16129032258064516,0.22580645161290322,0.12903225806451613,0.8,3.542857142857143,0.09261186264308012,3.8709677419354844
306,"frozenset({'SET OF 3 CAKE TINS PANTRY DESIGN', 'FAWN BLUE HOT WATER BOTTLE'})",frozenset({'SET OF TEA COFFEE SUGAR TINS PANTRY'}),0.16129032258064516,0.22580645161290322,0.12903225806451613,0.8,3.542857142857143,0.09261186264308012,3.8709677419354844
307,frozenset({'BREAD BIN DINER STYLE IVORY'}),frozenset({'IVORY KITCHEN SCALES'}),0.16129032258064516,0.22580645161290322,0.12903225806451613,0.8,3.542857142857143,0.09261186264308012,3.8709677419354844
308,frozenset({'FAWN BLUE HOT WATER BOTTLE'}),frozenset({'GUMBALL COAT RACK'}),0.22580645161290322,0.16129032258064516,0.12903225806451613,0.5714285714285714,3.5428571428571427,0.09261186264308012,1.956989247311828
309,frozenset({'IVORY KITCHEN SCALES'}),frozenset({'BREAD BIN DINER STYLE IVORY'}),0.22580645161290322,0.16129032258064516,0.12903225806451613,0.5714285714285714,3.5428571428571427,0.09261186264308012,1.956989247311828
310,frozenset({'IVORY KITCHEN SCALES'}),frozenset({'MINT KITCHEN SCALES'}),0.22580645161290322,0.16129032258064516,0.12903225806451613,0.5714285714285714,3.5428571428571427,0.09261186264308012,1.956989247311828
311,frozenset({'SET OF TEA COFFEE SUGAR TINS PANTRY'}),"frozenset({'SET OF 3 CAKE TINS PANTRY DESIGN', 'FAWN BLUE HOT WATER BOTTLE'})",0.22580645161290322,0.16129032258064516,0.12903225806451613,0.5714285714285714,3.5428571428571427,0.09261186264308012,1.956989247311828
312,"frozenset({'SET OF 3 CAKE TINS PANTRY DESIGN', 'SET OF TEA COFFEE SUGAR TINS PANTRY'})",frozenset({'RECIPE BOX PANTRY YELLOW DESIGN'}),0.1935483870967742,0.1935483870967742,0.12903225806451613,0.6666666666666666,3.444444444444444,0.09157127991675337,2.419354838709677
313,frozenset({'RECIPE BOX PANTRY YELLOW DESIGN'}),"frozenset({'SET OF 3 CAKE TINS PANTRY DESIGN', 'SET OF TEA COFFEE SUGAR TINS PANTRY'})",0.1935483870967742,0.1935483870967742,0.12903225806451613,0.6666666666666666,3.444444444444444,0.09157127991675337,2.419354838709677
314,frozenset({'RED TOADSTOOL LED NIGHT LIGHT'}),frozenset({'CHILDS BREAKFAST SET DOLLY GIRL'}),0.1935483870967742,0.25806451612903225,0.16129032258064516,0.8333333333333334,3.229166666666667,0.1113423517169615,4.451612903225808
315,frozenset({'CHILDS BREAKFAST SET DOLLY GIRL'}),frozenset({'RED TOADSTOOL LED NIGHT LIGHT'}),0.25806451612903225,0.1935483870967742,0.16129032258064516,0.625,3.229166666666667,0.1113423517169615,2.150537634408602
316,frozenset({'REGENCY CAKESTAND 3 TIER'}),"frozenset({'SET OF 3 REGENCY CAKE TINS', 'IVORY KITCHEN SCALES'})",0.3225806451612903,0.12903225806451613,0.12903225806451613,0.4,3.1,0.08740894901144641,1.4516129032258065
317,"frozenset({'SET OF 3 REGENCY CAKE TINS', 'IVORY KITCHEN SCALES'})",frozenset({'REGENCY CAKESTAND 3 TIER'}),0.12903225806451613,0.3225806451612903,0.12903225806451613,1.0,3.1,0.08740894901144641,inf
318,frozenset({'SET OF 3 REGENCY CAKE TINS'}),frozenset({'IVORY KITCHEN SCALES'}),0.1935483870967742,0.22580645161290322,0.12903225806451613,0.6666666666666666,2.952380952380952,0.08532778355879292,2.32258064516129
319,frozenset({'SET OF TEA COFFEE SUGAR TINS PANTRY'}),frozenset({'RECIPE BOX PANTRY YELLOW DESIGN'}),0.22580645161290322,0.1935483870967742,0.12903225806451613,0.5714285714285714,2.952380952380952,0.08532778355879292,1.8817204301075265
320,frozenset({'FAWN BLUE HOT WATER BOTTLE'}),"frozenset({'SET OF 3 CAKE TINS PANTRY DESIGN', 'SET OF TEA COFFEE SUGAR TINS PANTRY'})",0.22580645161290322,0.1935483870967742,0.12903225806451613,0.5714285714285714,2.952380952380952,0.08532778355879292,1.8817204301075265
321,frozenset({'RECIPE BOX PANTRY YELLOW DESIGN'}),frozenset({'FAWN BLUE HOT WATER BOTTLE'}),0.1935483870967742,0.22580645161290322,0.12903225806451613,0.6666666666666666,2.952380952380952,0.08532778355879292,2.32258064516129
322,frozenset({'FAWN BLUE HOT WATER BOTTLE'}),frozenset({'RECIPE BOX PANTRY YELLOW DESIGN'}),0.22580645161290322,0.1935483870967742,0.12903225806451613,0.5714285714285714,2.952380952380952,0.08532778355879292,1.8817204301075265
323,frozenset({'RECIPE BOX PANTRY YELLOW DESIGN'}),frozenset({'SET OF TEA COFFEE SUGAR TINS PANTRY'}),0.1935483870967742,0.22580645161290322,0.12903225806451613,0.6666666666666666,2.952380952380952,0.08532778355879292,2.32258064516129
324,frozenset({'IVORY KITCHEN SCALES'}),frozenset({'SET OF 3 REGENCY CAKE TINS'}),0.22580645161290322,0.1935483870967742,0.12903225806451613,0.5714285714285714,2.952380952380952,0.08532778355879292,1.8817204301075265
325,"frozenset({'SET OF 3 CAKE TINS PANTRY DESIGN', 'SET OF TEA COFFEE SUGAR TINS PANTRY'})",frozenset({'FAWN BLUE HOT WATER BOTTLE'}),0.1935483870967742,0.22580645161290322,0.12903225806451613,0.6666666666666666,2.952380952380952,0.08532778355879292,2.32258064516129
326,frozenset({'SET OF TEA COFFEE SUGAR TINS PANTRY'}),frozenset({'FAWN BLUE HOT WATER BOTTLE'}),0.22580645161290322,0.22580645161290322,0.12903225806451613,0.5714285714285714,2.5306122448979593,0.07804370447450573,1.8064516129032255
327,frozenset({'FAWN BLUE HOT WATER BOTTLE'}),frozenset({'SET OF TEA COFFEE SUGAR TINS PANTRY'}),0.22580645161290322,0.22580645161290322,0.12903225806451613,0.5714285714285714,2.5306122448979593,0.07804370447450573,1.8064516129032255
328,"frozenset({'FAWN BLUE HOT WATER BOTTLE', 'RECIPE BOX PANTRY YELLOW DESIGN', 'SET OF TEA COFFEE SUGAR TINS PANTRY'})",frozenset({'SET OF 3 CAKE TINS PANTRY DESIGN'}),0.12903225806451613,0.41935483870967744,0.12903225806451613,1.0,2.3846153846153846,0.07492195629552549,inf
329,frozenset({'SET OF 3 CAKE TINS PANTRY DESIGN'}),"frozenset({'FAWN BLUE HOT WATER BOTTLE', 'RECIPE BOX PANTRY YELLOW DESIGN', 'SET OF TEA COFFEE SUGAR TINS PANTRY'})",0.41935483870967744,0.12903225806451613,0.12903225806451613,0.30769230769230765,2.3846153846153846,0.07492195629552549,1.2580645161290323
330,frozenset({'SET OF 12 FAIRY CAKE BAKING CASES'}),frozenset({'SET OF 3 CAKE TINS PANTRY DESIGN'}),0.12903225806451613,0.41935483870967744,0.12903225806451613,1.0,2.3846153846153846,0.07492195629552549,inf
331,frozenset({'SET OF 3 CAKE TINS PANTRY DESIGN'}),frozenset({'SET OF 12 FAIRY CAKE BAKING CASES'}),0.41935483870967744,0.12903225806451613,0.12903225806451613,0.30769230769230765,2.3846153846153846,0.07492195629552549,1.2580645161290323
332,frozenset({'SET OF 3 CAKE TINS PANTRY DESIGN'}),"frozenset({'FAWN BLUE HOT WATER BOTTLE', 'RECIPE BOX PANTRY YELLOW DESIGN'})",0.41935483870967744,0.12903225806451613,0.12903225806451613,0.30769230769230765,2.3846153846153846,0.07492195629552549,1.2580645161290323
333,frozenset({'SET OF 3 CAKE TINS PANTRY DESIGN'}),"frozenset({'FAWN BLUE HOT WATER BOTTLE', 'SET OF TEA COFFEE SUGAR TINS PANTRY'})",0.41935483870967744,0.12903225806451613,0.12903225806451613,0.30769230769230765,2.3846153846153846,0.07492195629552549,1.2580645161290323
334,"frozenset({'RECIPE BOX PANTRY YELLOW DESIGN', 'SET OF TEA COFFEE SUGAR TINS PANTRY'})",frozenset({'SET OF 3 CAKE TINS PANTRY DESIGN'}),0.12903225806451613,0.41935483870967744,0.12903225806451613,1.0,2.3846153846153846,0.07492195629552549,inf
335,"frozenset({'FAWN BLUE HOT WATER BOTTLE', 'RECIPE BOX PANTRY YELLOW DESIGN'})",frozenset({'SET OF 3 CAKE TINS PANTRY DESIGN'}),0.12903225806451613,0.41935483870967744,0.12903225806451613,1.0,2.3846153846153846,0.07492195629552549,inf
336,frozenset({'SET OF 3 CAKE TINS PANTRY DESIGN'}),"frozenset({'RECIPE BOX PANTRY YELLOW DESIGN', 'SET OF TEA COFFEE SUGAR TINS PANTRY'})",0.41935483870967744,0.12903225806451613,0.12903225806451613,0.30769230769230765,2.3846153846153846,0.07492195629552549,1.2580645161290323
337,frozenset({'SET OF 3 CAKE TINS PANTRY DESIGN'}),"frozenset({'FAWN BLUE HOT WATER BOTTLE', 'SET OF 12 FAIRY CAKE BAKING CASES'})",0.41935483870967744,0.12903225806451613,0.12903225806451613,0.30769230769230765,2.3846153846153846,0.07492195629552549,1.2580645161290323
338,"frozenset({'FAWN BLUE HOT WATER BOTTLE', 'SET OF TEA COFFEE SUGAR TINS PANTRY'})",frozenset({'SET OF 3 CAKE TINS PANTRY DESIGN'}),0.12903225806451613,0.41935483870967744,0.12903225806451613,1.0,2.3846153846153846,0.07492195629552549,inf
339,"frozenset({'FAWN BLUE HOT WATER BOTTLE', 'SET OF 12 FAIRY CAKE BAKING CASES'})",frozenset({'SET OF 3 CAKE TINS PANTRY DESIGN'}),0.12903225806451613,0.41935483870967744,0.12903225806451613,1.0,2.3846153846153846,0.07492195629552549,inf
340,frozenset({'REGENCY CAKESTAND 3 TIER'}),frozenset({'SET OF 3 REGENCY CAKE TINS'}),0.3225806451612903,0.1935483870967742,0.12903225806451613,0.4,2.066666666666667,0.06659729448491156,1.3440860215053763
341,frozenset({'SET OF 3 REGENCY CAKE TINS'}),frozenset({'REGENCY CAKESTAND 3 TIER'}),0.1935483870967742,0.3225806451612903,0.12903225806451613,0.6666666666666666,2.0666666666666664,0.06659729448491156,2.032258064516129
342,frozenset({'SET OF 3 CAKE TINS PANTRY DESIGN'}),frozenset({'SET OF TEA COFFEE SUGAR TINS PANTRY'}),0.41935483870967744,0.22580645161290322,0.1935483870967742,0.4615384615384615,2.043956043956044,0.09885535900104057,1.4377880184331795
343,frozenset({'SET OF TEA COFFEE SUGAR TINS PANTRY'}),frozenset({'SET OF 3 CAKE TINS PANTRY DESIGN'}),0.22580645161290322,0.41935483870967744,0.1935483870967742,0.8571428571428571,2.043956043956044,0.09885535900104057,4.064516129032256
344,frozenset({'BREAD BIN DINER STYLE IVORY'}),frozenset({'SET OF 3 CAKE TINS PANTRY DESIGN'}),0.16129032258064516,0.41935483870967744,0.12903225806451613,0.8,1.9076923076923078,0.061394380853277836,2.903225806451613
345,frozenset({'PANTRY MAGNETIC  SHOPPING LIST'}),frozenset({'SET OF 3 CAKE TINS PANTRY DESIGN'}),0.16129032258064516,0.41935483870967744,0.12903225806451613,0.8,1.9076923076923078,0.061394380853277836,2.903225806451613
346,frozenset({'SET OF 3 CAKE TINS PANTRY DESIGN'}),frozenset({'BREAD BIN DINER STYLE IVORY'}),0.41935483870967744,0.16129032258064516,0.12903225806451613,0.30769230769230765,1.9076923076923076,0.061394380853277836,1.2114695340501793
347,frozenset({'SET OF 3 CAKE TINS PANTRY DESIGN'}),frozenset({'PANTRY MAGNETIC  SHOPPING LIST'}),0.41935483870967744,0.16129032258064516,0.12903225806451613,0.30769230769230765,1.9076923076923076,0.061394380853277836,1.2114695340501793
348,frozenset({'REGENCY CAKESTAND 3 TIER'}),frozenset({'FAWN BLUE HOT WATER BOTTLE'}),0.3225806451612903,0.22580645161290322,0.12903225806451613,0.4,1.7714285714285716,0.056191467221644115,1.2903225806451613
349,frozenset({'REGENCY CAKESTAND 3 TIER'}),frozenset({'IVORY KITCHEN SCALES'}),0.3225806451612903,0.22580645161290322,0.12903225806451613,0.4,1.7714285714285716,0.056191467221644115,1.2903225806451613
350,frozenset({'IVORY KITCHEN SCALES'}),frozenset({'REGENCY CAKESTAND 3 TIER'}),0.22580645161290322,0.3225806451612903,0.12903225806451613,0.5714285714285714,1.7714285714285714,0.056191467221644115,1.5806451612903225
351,frozenset({'FAWN BLUE HOT WATER BOTTLE'}),frozenset({'REGENCY CAKESTAND 3 TIER'}),0.22580645161290322,0.3225806451612903,0.12903225806451613,0.5714285714285714,1.7714285714285714,0.056191467221644115,1.5806451612903225
352,frozenset({'SET OF 3 CAKE TINS PANTRY DESIGN'}),frozenset({'FAWN BLUE HOT WATER BOTTLE'}),0.41935483870967744,0.22580645161290322,0.16129032258064516,0.3846153846153846,1.7032967032967032,0.06659729448491154,1.2580645161290323
353,frozenset({'FAWN BLUE HOT WATER BOTTLE'}),frozenset({'SET OF 3 CAKE TINS PANTRY DESIGN'}),0.22580645161290322,0.41935483870967744,0.16129032258064516,0.7142857142857143,1.7032967032967032,0.06659729448491154,2.032258064516129
354,frozenset({'SET OF 3 REGENCY CAKE TINS'}),frozenset({'SET OF 3 CAKE TINS PANTRY DESIGN'}),0.1935483870967742,0.41935483870967744,0.12903225806451613,0.6666666666666666,1.5897435897435896,0.04786680541103017,1.7419354838709673
355,frozenset({'SET OF 3 CAKE TINS PANTRY DESIGN'}),frozenset({'RECIPE BOX PANTRY YELLOW DESIGN'}),0.41935483870967744,0.1935483870967742,0.12903225806451613,0.30769230769230765,1.5897435897435896,0.04786680541103017,1.1648745519713262
356,frozenset({'SET OF 3 CAKE TINS PANTRY DESIGN'}),frozenset({'SET OF 3 REGENCY CAKE TINS'}),0.41935483870967744,0.1935483870967742,0.12903225806451613,0.30769230769230765,1.5897435897435896,0.04786680541103017,1.1648745519713262
357,frozenset({'RECIPE BOX PANTRY YELLOW DESIGN'}),frozenset({'SET OF 3 CAKE TINS PANTRY DESIGN'}),0.1935483870967742,0.41935483870967744,0.12903225806451613,0.6666666666666666,1.5897435897435896,0.04786680541103017,1.7419354838709673
358,frozenset({'SET OF 3 CAKE TINS PANTRY DESIGN'}),frozenset({'REGENCY CAKESTAND 3 TIER'}),0.41935483870967744,0.3225806451612903,0.1935483870967742,0.4615384615384615,1.4307692307692308,0.05827263267429761,1.2580645161290323
359,frozenset({'REGENCY CAKESTAND 3 TIER'}),frozenset({'SET OF 3 CAKE TINS PANTRY DESIGN'}),0.3225806451612903,0.41935483870967744,0.1935483870967742,0.6,1.4307692307692306,0.05827263267429761,1.4516129032258063
360,frozenset({'IVORY KITCHEN SCALES'}),frozenset({'SET OF 3 CAKE TINS PANTRY DESIGN'}),0.22580645161290322,0.41935483870967744,0.12903225806451613,0.5714285714285714,1.3626373626373625,0.03433922996878251,1.354838709677419
361,frozenset({'SET OF 3 CAKE TINS PANTRY DESIGN'}),frozenset({'IVORY KITCHEN SCALES'}),0.41935483870967744,0.22580645161290322,0.12903225806451613,0.30769230769230765,1.3626373626373625,0.03433922996878251,1.118279569892473
